track_id,lesson_id,level_id,topic_id,track,topic,subtopic,level,content_type,video_1,video_2,video_3,article_url,duration_minutes,description_en,project_idea
TRK-001,L0001,LVL-001,FE-T01,frontend,HTML,What is HTML and How the Browser Works,beginner,explanation,https://youtu.be/qz0aGYrrlhU,https://www.youtube.com/results?search_query=HTML%20What%20is%20HTML%20and%20How%20the%20Browser%20Works%20Kevin%20Powell,https://www.youtube.com/results?search_query=HTML%20What%20is%20HTML%20and%20How%20the%20Browser%20Works%20Web%20Dev%20Simplified,https://developer.mozilla.org/en-US/docs/Learn/HTML/Introduction_to_HTML,60,Introduction to HTML from scratch,
TRK-001,L0002,LVL-001,FE-T01,frontend,HTML,"Page Structure: DOCTYPE, html, head, body",beginner,explanation,https://youtu.be/UB1O30fR-EE,https://www.youtube.com/results?search_query=HTML%20Page%20Structure%3A%20DOCTYPE%2C%20html%2C%20head%2C%20body%20Kevin%20Powell,https://www.youtube.com/results?search_query=HTML%20Page%20Structure%3A%20DOCTYPE%2C%20html%2C%20head%2C%20body%20Web%20Dev%20Simplified,,35,Explaining HTML page structure,
TRK-001,L0003,LVL-001,FE-T01,frontend,HTML,Tags and Attributes and How They're Written,beginner,explanation,https://youtu.be/dD2EISBDjWM,https://www.youtube.com/results?search_query=HTML%20Tags%20and%20Attributes%20and%20How%20They%27re%20Written%20Kevin%20Powell,https://www.youtube.com/results?search_query=HTML%20Tags%20and%20Attributes%20and%20How%20They%27re%20Written%20Web%20Dev%20Simplified,,35,Explaining tags and attributes,
TRK-001,L0004,LVL-001,FE-T01,frontend,HTML,"Text Elements: h1-h6, p, strong, em",beginner,explanation,https://youtu.be/mOGdQHGS8S8,https://www.youtube.com/results?search_query=HTML%20Text%20Elements%3A%20h1-h6%2C%20p%2C%20strong%2C%20em%20Kevin%20Powell,https://www.youtube.com/results?search_query=HTML%20Text%20Elements%3A%20h1-h6%2C%20p%2C%20strong%2C%20em%20Web%20Dev%20Simplified,,30,Explaining text elements,
TRK-001,L0005,LVL-001,FE-T01,frontend,HTML,Links: anchor tag and href,beginner,explanation,https://youtu.be/09oErCBjVns,https://www.youtube.com/results?search_query=HTML%20Links%3A%20anchor%20tag%20and%20href%20Kevin%20Powell,https://www.youtube.com/results?search_query=HTML%20Links%3A%20anchor%20tag%20and%20href%20Web%20Dev%20Simplified,https://developer.mozilla.org/en-US/docs/Web/HTML/Element/a,25,Explaining anchor links,
TRK-001,L0006,LVL-001,FE-T01,frontend,HTML,"Images: img tag, alt, and src",beginner,explanation,https://youtu.be/mOGdQHGS8S8,https://www.youtube.com/results?search_query=HTML%20Images%3A%20img%20tag%2C%20alt%2C%20and%20src%20Kevin%20Powell,https://www.youtube.com/results?search_query=HTML%20Images%3A%20img%20tag%2C%20alt%2C%20and%20src%20Web%20Dev%20Simplified,,25,Explaining image elements,
TRK-001,L0007,LVL-001,FE-T01,frontend,HTML,"Lists: ul, ol, li",beginner,explanation,https://youtu.be/09oErCBjVns,https://www.youtube.com/results?search_query=HTML%20Lists%3A%20ul%2C%20ol%2C%20li%20Kevin%20Powell,https://www.youtube.com/results?search_query=HTML%20Lists%3A%20ul%2C%20ol%2C%20li%20Web%20Dev%20Simplified,,20,Explaining lists,
TRK-001,L0008,LVL-001,FE-T01,frontend,HTML,"Tables: table, tr, td, th",beginner,explanation,https://youtu.be/dQw4w9WgXcQ,https://www.youtube.com/results?search_query=HTML%20Tables%3A%20table%2C%20tr%2C%20td%2C%20th%20Kevin%20Powell,https://www.youtube.com/results?search_query=HTML%20Tables%3A%20table%2C%20tr%2C%20td%2C%20th%20Web%20Dev%20Simplified,,30,Explaining tables,
TRK-001,L0009,LVL-001,FE-T01,frontend,HTML,"Forms: form, input, button, select, textarea",beginner,explanation,https://youtu.be/fNcJuPIZ2WE,https://www.youtube.com/results?search_query=HTML%20Forms%3A%20form%2C%20input%2C%20button%2C%20select%2C%20textarea%20Kevin%20Powell,https://www.youtube.com/results?search_query=HTML%20Forms%3A%20form%2C%20input%2C%20button%2C%20select%2C%20textarea%20Web%20Dev%20Simplified,https://developer.mozilla.org/en-US/docs/Learn/Forms,45,Explaining Forms,
TRK-001,L0010,LVL-001,FE-T01,frontend,HTML,"Input Types: text, email, password, number, date",beginner,explanation,https://youtu.be/fNcJuPIZ2WE,https://www.youtube.com/results?search_query=HTML%20Input%20Types%3A%20text%2C%20email%2C%20password%2C%20number%2C%20date%20Kevin%20Powell,https://www.youtube.com/results?search_query=HTML%20Input%20Types%3A%20text%2C%20email%2C%20password%2C%20number%2C%20date%20Web%20Dev%20Simplified,,30,Explaining input types,
TRK-001,L0011,LVL-001,FE-T01,frontend,HTML,Semantic HTML5: header nav main section article footer,beginner,explanation,https://youtu.be/kGW8Al_cga4,https://www.youtube.com/results?search_query=HTML%20Semantic%20HTML5%3A%20header%20nav%20main%20section%20article%20footer%20Kevin%20Powell,https://www.youtube.com/results?search_query=HTML%20Semantic%20HTML5%3A%20header%20nav%20main%20section%20article%20footer%20Web%20Dev%20Simplified,https://web.dev/learn/html/semantic-html,40,Explaining semantic HTML5,
TRK-001,L0012,LVL-001,FE-T01,frontend,HTML,div and span and When to Use Them,beginner,explanation,https://youtu.be/kGW8Al_cga4,https://www.youtube.com/results?search_query=HTML%20div%20and%20span%20and%20When%20to%20Use%20Them%20Kevin%20Powell,https://www.youtube.com/results?search_query=HTML%20div%20and%20span%20and%20When%20to%20Use%20Them%20Web%20Dev%20Simplified,,25,Explaining div and span elements,
TRK-001,L0013,LVL-001,FE-T01,frontend,HTML,Article: Complete HTML Reference - MDN,beginner,article,,https://www.youtube.com/results?search_query=HTML%20Article%3A%20Complete%20HTML%20Reference%20-%20MDN%20Kevin%20Powell,https://www.youtube.com/results?search_query=HTML%20Article%3A%20Complete%20HTML%20Reference%20-%20MDN%20Web%20Dev%20Simplified,https://developer.mozilla.org/en-US/docs/Web/HTML/Element,0,Reference for all HTML elements,
TRK-001,L0014,LVL-001,FE-T02,frontend,CSS,What is CSS and How It Connects to HTML,beginner,explanation,https://youtu.be/1PnVor36_40,https://www.youtube.com/results?search_query=CSS%20What%20is%20CSS%20and%20How%20It%20Connects%20to%20HTML%20Kevin%20Powell,https://www.youtube.com/results?search_query=CSS%20What%20is%20CSS%20and%20How%20It%20Connects%20to%20HTML%20Web%20Dev%20Simplified,https://developer.mozilla.org/en-US/docs/Learn/CSS/First_steps,40,Introduction to CSS,
TRK-001,L0015,LVL-001,FE-T02,frontend,CSS,"Selectors: element, class, id",beginner,explanation,https://youtu.be/l1mER1bV0N0,https://www.youtube.com/results?search_query=CSS%20Selectors%3A%20element%2C%20class%2C%20id%20Kevin%20Powell,https://www.youtube.com/results?search_query=CSS%20Selectors%3A%20element%2C%20class%2C%20id%20Web%20Dev%20Simplified,https://web.dev/learn/css/selectors,35,Explaining CSS selectors,
TRK-001,L0016,LVL-001,FE-T02,frontend,CSS,"Advanced Selectors: combinators, pseudo-classes",beginner,explanation,https://youtu.be/0VDx1570X3U,https://www.youtube.com/results?search_query=CSS%20Advanced%20Selectors%3A%20combinators%2C%20pseudo-classes%20Kevin%20Powell,https://www.youtube.com/results?search_query=CSS%20Advanced%20Selectors%3A%20combinators%2C%20pseudo-classes%20Web%20Dev%20Simplified,,35,Explaining advanced selectors,
TRK-001,L0017,LVL-001,FE-T02,frontend,CSS,"Colors: color, background-color, opacity",beginner,explanation,https://youtu.be/HXgRbp3UNMs,https://www.youtube.com/results?search_query=CSS%20Colors%3A%20color%2C%20background-color%2C%20opacity%20Kevin%20Powell,https://www.youtube.com/results?search_query=CSS%20Colors%3A%20color%2C%20background-color%2C%20opacity%20Web%20Dev%20Simplified,,30,Explaining colors and backgrounds,
TRK-001,L0018,LVL-001,FE-T02,frontend,CSS,"Typography: font-family, size, weight, line-height",beginner,explanation,https://youtu.be/8n04KqQHe_0,https://www.youtube.com/results?search_query=CSS%20Typography%3A%20font-family%2C%20size%2C%20weight%2C%20line-height%20Kevin%20Powell,https://www.youtube.com/results?search_query=CSS%20Typography%3A%20font-family%2C%20size%2C%20weight%2C%20line-height%20Web%20Dev%20Simplified,,40,Explaining typography and fonts,
TRK-001,L0019,LVL-001,FE-T02,frontend,CSS,"Box Model: margin, padding, border, width, height",beginner,explanation,https://youtu.be/rIO5326FgPE,https://www.youtube.com/results?search_query=CSS%20Box%20Model%3A%20margin%2C%20padding%2C%20border%2C%20width%2C%20height%20Kevin%20Powell,https://www.youtube.com/results?search_query=CSS%20Box%20Model%3A%20margin%2C%20padding%2C%20border%2C%20width%2C%20height%20Web%20Dev%20Simplified,https://web.dev/learn/css/box-model,30,Explaining the box model,
TRK-001,L0020,LVL-001,FE-T02,frontend,CSS,"Display: block, inline, inline-block, none",beginner,explanation,https://youtu.be/jx5jmI0UlXU,https://www.youtube.com/results?search_query=CSS%20Display%3A%20block%2C%20inline%2C%20inline-block%2C%20none%20Kevin%20Powell,https://www.youtube.com/results?search_query=CSS%20Display%3A%20block%2C%20inline%2C%20inline-block%2C%20none%20Web%20Dev%20Simplified,,35,Explaining the display property,
TRK-001,L0021,LVL-001,FE-T02,frontend,CSS,"Position: static, relative, absolute, fixed, sticky",beginner,explanation,https://youtu.be/jx5jmI0UlXU,https://www.youtube.com/results?search_query=CSS%20Position%3A%20static%2C%20relative%2C%20absolute%2C%20fixed%2C%20sticky%20Kevin%20Powell,https://www.youtube.com/results?search_query=CSS%20Position%3A%20static%2C%20relative%2C%20absolute%2C%20fixed%2C%20sticky%20Web%20Dev%20Simplified,https://web.dev/learn/css/layout,45,Explaining positioning,
TRK-001,L0022,LVL-001,FE-T02,frontend,CSS,Complete Flexbox: container and items,beginner,explanation,https://youtu.be/3YW65K6LcIA,https://www.youtube.com/results?search_query=CSS%20Complete%20Flexbox%3A%20container%20and%20items%20Kevin%20Powell,https://www.youtube.com/results?search_query=CSS%20Complete%20Flexbox%3A%20container%20and%20items%20Web%20Dev%20Simplified,https://css-tricks.com/snippets/css/a-guide-to-flexbox,55,Explaining Flexbox layout,
TRK-001,L0023,LVL-001,FE-T02,frontend,CSS,"Complete CSS Grid: rows, columns, areas",beginner,explanation,https://youtu.be/EiNiSFIPIQE,https://www.youtube.com/results?search_query=CSS%20Complete%20CSS%20Grid%3A%20rows%2C%20columns%2C%20areas%20Kevin%20Powell,https://www.youtube.com/results?search_query=CSS%20Complete%20CSS%20Grid%3A%20rows%2C%20columns%2C%20areas%20Web%20Dev%20Simplified,https://css-tricks.com/snippets/css/complete-guide-grid,50,Explaining CSS Grid layout,
TRK-001,L0024,LVL-001,FE-T02,frontend,CSS,Responsive Design: Media Queries,beginner,explanation,https://youtu.be/srvUrASNj0s,https://www.youtube.com/results?search_query=CSS%20Responsive%20Design%3A%20Media%20Queries%20Kevin%20Powell,https://www.youtube.com/results?search_query=CSS%20Responsive%20Design%3A%20Media%20Queries%20Web%20Dev%20Simplified,https://web.dev/learn/design/media-queries,45,Explaining responsive design,
TRK-001,L0025,LVL-001,FE-T02,frontend,CSS,Mobile First Approach,beginner,explanation,https://youtu.be/0ohtVzCSHqs,https://www.youtube.com/results?search_query=CSS%20Mobile%20First%20Approach%20Kevin%20Powell,https://www.youtube.com/results?search_query=CSS%20Mobile%20First%20Approach%20Web%20Dev%20Simplified,,30,Explaining mobile first approach,
TRK-001,L0026,LVL-001,FE-T02,frontend,CSS,Basic Transitions and Animations,beginner,explanation,https://youtu.be/SgmNxE9lWcY,https://www.youtube.com/results?search_query=CSS%20Basic%20Transitions%20and%20Animations%20Kevin%20Powell,https://www.youtube.com/results?search_query=CSS%20Basic%20Transitions%20and%20Animations%20Web%20Dev%20Simplified,https://web.dev/learn/css/animations,40,Explaining animations and transitions,
TRK-001,L0027,LVL-001,FE-T02,frontend,CSS,"Pseudo-classes: hover, focus, active",beginner,explanation,https://youtu.be/0VDx1570X3U,https://www.youtube.com/results?search_query=CSS%20Pseudo-classes%3A%20hover%2C%20focus%2C%20active%20Kevin%20Powell,https://www.youtube.com/results?search_query=CSS%20Pseudo-classes%3A%20hover%2C%20focus%2C%20active%20Web%20Dev%20Simplified,,30,Explaining pseudo-classes,
TRK-001,L0028,LVL-001,FE-T02,frontend,CSS,"Pseudo-elements: before, after",beginner,explanation,https://youtu.be/0VDx1570X3U,https://www.youtube.com/results?search_query=CSS%20Pseudo-elements%3A%20before%2C%20after%20Kevin%20Powell,https://www.youtube.com/results?search_query=CSS%20Pseudo-elements%3A%20before%2C%20after%20Web%20Dev%20Simplified,,25,Explaining pseudo-elements,
TRK-001,L0029,LVL-001,FE-T02,frontend,CSS,Project: Full Portfolio Page with HTML & CSS,beginner,project,https://youtu.be/oYRda7UtuhA,https://www.youtube.com/results?search_query=CSS%20Project%3A%20Full%20Portfolio%20Page%20with%20HTML%20%26%20CSS%20Kevin%20Powell,https://www.youtube.com/results?search_query=CSS%20Project%3A%20Full%20Portfolio%20Page%20with%20HTML%20%26%20CSS%20Web%20Dev%20Simplified,,90,Portfolio page project,
TRK-001,L0030,LVL-001,FE-T02,frontend,CSS,Article: CSS Tricks Almanac,beginner,article,,https://www.youtube.com/results?search_query=CSS%20Article%3A%20CSS%20Tricks%20Almanac%20Kevin%20Powell,https://www.youtube.com/results?search_query=CSS%20Article%3A%20CSS%20Tricks%20Almanac%20Web%20Dev%20Simplified,https://css-tricks.com/almanac,0,Reference for all CSS properties,
TRK-001,L0031,LVL-001,FE-T03,frontend,JavaScript,What is JavaScript and Why We Use It,beginner,explanation,https://youtu.be/W6NZfCO5SIk,https://www.youtube.com/results?search_query=JavaScript%20What%20is%20JavaScript%20and%20Why%20We%20Use%20It%20Kevin%20Powell,https://www.youtube.com/results?search_query=JavaScript%20What%20is%20JavaScript%20and%20Why%20We%20Use%20It%20Web%20Dev%20Simplified,https://javascript.info/intro,40,Introduction to JavaScript,
TRK-001,L0032,LVL-001,FE-T03,frontend,JavaScript,How to Add JS to a Page: script tag,beginner,explanation,https://youtu.be/W6NZfCO5SIk,https://www.youtube.com/results?search_query=JavaScript%20How%20to%20Add%20JS%20to%20a%20Page%3A%20script%20tag%20Kevin%20Powell,https://www.youtube.com/results?search_query=JavaScript%20How%20to%20Add%20JS%20to%20a%20Page%3A%20script%20tag%20Web%20Dev%20Simplified,,25,Explaining how to add JS to a page,
TRK-001,L0033,LVL-001,FE-T03,frontend,JavaScript,"Variables: var, let, const and the Difference Between Them",beginner,explanation,https://youtu.be/edlFjlzxkSI,https://www.youtube.com/results?search_query=JavaScript%20Variables%3A%20var%2C%20let%2C%20const%20and%20the%20Difference%20Between%20Them%20Kevin%20Powell,https://www.youtube.com/results?search_query=JavaScript%20Variables%3A%20var%2C%20let%2C%20const%20and%20the%20Difference%20Between%20Them%20Web%20Dev%20Simplified,https://javascript.info/variables,40,Explaining variables,
TRK-001,L0034,LVL-001,FE-T03,frontend,JavaScript,"Data Types: string, number, boolean, null, undefined",beginner,explanation,https://youtu.be/qvPCRRbBQ3c,https://www.youtube.com/results?search_query=JavaScript%20Data%20Types%3A%20string%2C%20number%2C%20boolean%2C%20null%2C%20undefined%20Kevin%20Powell,https://www.youtube.com/results?search_query=JavaScript%20Data%20Types%3A%20string%2C%20number%2C%20boolean%2C%20null%2C%20undefined%20Web%20Dev%20Simplified,https://javascript.info/types,40,Explaining categorical vs numerical data,
TRK-001,L0035,LVL-001,FE-T03,frontend,JavaScript,Type Conversion and Coercion,beginner,explanation,https://youtu.be/et0RHZoMaJ0,https://www.youtube.com/results?search_query=JavaScript%20Type%20Conversion%20and%20Coercion%20Kevin%20Powell,https://www.youtube.com/results?search_query=JavaScript%20Type%20Conversion%20and%20Coercion%20Web%20Dev%20Simplified,,30,Explaining type conversion and coercion,
TRK-001,L0036,LVL-001,FE-T03,frontend,JavaScript,"Operators: arithmetic, comparison, logical",beginner,explanation,https://youtu.be/UznxKUHlS4g,https://www.youtube.com/results?search_query=JavaScript%20Operators%3A%20arithmetic%2C%20comparison%2C%20logical%20Kevin%20Powell,https://www.youtube.com/results?search_query=JavaScript%20Operators%3A%20arithmetic%2C%20comparison%2C%20logical%20Web%20Dev%20Simplified,https://javascript.info/operators,40,Explaining operators and expressions,
TRK-001,L0037,LVL-001,FE-T03,frontend,JavaScript,"Conditions: if, else, switch, ternary operator",beginner,explanation,https://youtu.be/IsG4Xd6LlsM,https://www.youtube.com/results?search_query=JavaScript%20Conditions%3A%20if%2C%20else%2C%20switch%2C%20ternary%20operator%20Kevin%20Powell,https://www.youtube.com/results?search_query=JavaScript%20Conditions%3A%20if%2C%20else%2C%20switch%2C%20ternary%20operator%20Web%20Dev%20Simplified,https://javascript.info/ifelse,35,Explaining conditionals,
TRK-001,L0038,LVL-001,FE-T03,frontend,JavaScript,"Loops: for, while, do-while",beginner,explanation,https://youtu.be/s9wW2PpJsmQ,https://www.youtube.com/results?search_query=JavaScript%20Loops%3A%20for%2C%20while%2C%20do-while%20Kevin%20Powell,https://www.youtube.com/results?search_query=JavaScript%20Loops%3A%20for%2C%20while%2C%20do-while%20Web%20Dev%20Simplified,https://javascript.info/while-for,40,Explaining loops,
TRK-001,L0039,LVL-001,FE-T03,frontend,JavaScript,"Functions: declaration, expression",beginner,explanation,https://youtu.be/xUI5Tsl2JpY,https://www.youtube.com/results?search_query=JavaScript%20Functions%3A%20declaration%2C%20expression%20Kevin%20Powell,https://www.youtube.com/results?search_query=JavaScript%20Functions%3A%20declaration%2C%20expression%20Web%20Dev%20Simplified,https://javascript.info/function-basics,50,Explaining functions,
TRK-001,L0040,LVL-001,FE-T03,frontend,JavaScript,Arrow Functions,beginner,explanation,https://youtu.be/h33Srr5J9nY,https://www.youtube.com/results?search_query=JavaScript%20Arrow%20Functions%20Kevin%20Powell,https://www.youtube.com/results?search_query=JavaScript%20Arrow%20Functions%20Web%20Dev%20Simplified,https://javascript.info/arrow-functions-basics,30,Explaining arrow functions,
TRK-001,L0041,LVL-001,FE-T03,frontend,JavaScript,"Scope: local, global, block",beginner,explanation,https://youtu.be/TkFN6e9ZDMw,https://www.youtube.com/results?search_query=JavaScript%20Scope%3A%20local%2C%20global%2C%20block%20Kevin%20Powell,https://www.youtube.com/results?search_query=JavaScript%20Scope%3A%20local%2C%20global%2C%20block%20Web%20Dev%20Simplified,https://javascript.info/closure,35,Explaining scope,
TRK-001,L0042,LVL-001,FE-T03,frontend,JavaScript,Arrays: Creation and Basic Operations,beginner,explanation,https://youtu.be/oigfaZ5ApsM,https://www.youtube.com/results?search_query=JavaScript%20Arrays%3A%20Creation%20and%20Basic%20Operations%20Kevin%20Powell,https://www.youtube.com/results?search_query=JavaScript%20Arrays%3A%20Creation%20and%20Basic%20Operations%20Web%20Dev%20Simplified,https://javascript.info/array,45,Explaining arrays,
TRK-001,L0043,LVL-001,FE-T03,frontend,JavaScript,"Array Methods: push, pop, shift, unshift, splice",beginner,explanation,https://youtu.be/R8RkZGqDFU0,https://www.youtube.com/results?search_query=JavaScript%20Array%20Methods%3A%20push%2C%20pop%2C%20shift%2C%20unshift%2C%20splice%20Kevin%20Powell,https://www.youtube.com/results?search_query=JavaScript%20Array%20Methods%3A%20push%2C%20pop%2C%20shift%2C%20unshift%2C%20splice%20Web%20Dev%20Simplified,,35,Explaining array methods,
TRK-001,L0044,LVL-001,FE-T03,frontend,JavaScript,"Objects: Creation, Properties, and Methods",beginner,explanation,https://youtu.be/X0ipw1k7ygU,https://www.youtube.com/results?search_query=JavaScript%20Objects%3A%20Creation%2C%20Properties%2C%20and%20Methods%20Kevin%20Powell,https://www.youtube.com/results?search_query=JavaScript%20Objects%3A%20Creation%2C%20Properties%2C%20and%20Methods%20Web%20Dev%20Simplified,https://javascript.info/object,45,Explaining objects,
TRK-001,L0045,LVL-001,FE-T03,frontend,JavaScript,"Loops on Arrays and Objects: for-of, for-in",beginner,explanation,https://youtu.be/a3KHBqH7njs,https://www.youtube.com/results?search_query=JavaScript%20Loops%20on%20Arrays%20and%20Objects%3A%20for-of%2C%20for-in%20Kevin%20Powell,https://www.youtube.com/results?search_query=JavaScript%20Loops%20on%20Arrays%20and%20Objects%3A%20for-of%2C%20for-in%20Web%20Dev%20Simplified,,30,Explaining for-of and for-in loops,
TRK-001,L0046,LVL-001,FE-T03,frontend,JavaScript,"String Methods: slice, split, join, replace",beginner,explanation,https://youtu.be/LiuzigJldNo,https://www.youtube.com/results?search_query=JavaScript%20String%20Methods%3A%20slice%2C%20split%2C%20join%2C%20replace%20Kevin%20Powell,https://www.youtube.com/results?search_query=JavaScript%20String%20Methods%3A%20slice%2C%20split%2C%20join%2C%20replace%20Web%20Dev%20Simplified,https://javascript.info/string,35,Explaining string methods,
TRK-001,L0047,LVL-001,FE-T03,frontend,JavaScript,Math Object and Date Object,beginner,explanation,https://youtu.be/FRmCxj9K7II,https://www.youtube.com/results?search_query=JavaScript%20Math%20Object%20and%20Date%20Object%20Kevin%20Powell,https://www.youtube.com/results?search_query=JavaScript%20Math%20Object%20and%20Date%20Object%20Web%20Dev%20Simplified,,30,Explaining Math and Date objects,
TRK-001,L0048,LVL-001,FE-T03,frontend,JavaScript,"DOM: Selecting Elements: querySelector, getElementById",beginner,explanation,https://youtu.be/5fb2aPlgoys,https://www.youtube.com/results?search_query=JavaScript%20DOM%3A%20Selecting%20Elements%3A%20querySelector%2C%20getElementById%20Kevin%20Powell,https://www.youtube.com/results?search_query=JavaScript%20DOM%3A%20Selecting%20Elements%3A%20querySelector%2C%20getElementById%20Web%20Dev%20Simplified,https://javascript.info/document,50,Explaining DOM selection,
TRK-001,L0049,LVL-001,FE-T03,frontend,JavaScript,DOM: Modifying Content and Styles,beginner,explanation,https://youtu.be/5fb2aPlgoys,https://www.youtube.com/results?search_query=JavaScript%20DOM%3A%20Modifying%20Content%20and%20Styles%20Kevin%20Powell,https://www.youtube.com/results?search_query=JavaScript%20DOM%3A%20Modifying%20Content%20and%20Styles%20Web%20Dev%20Simplified,,40,Explaining DOM manipulation,
TRK-001,L0050,LVL-001,FE-T03,frontend,JavaScript,"DOM: Events: click, submit, keypress",beginner,explanation,https://youtu.be/XF1_MlZ5l6M,https://www.youtube.com/results?search_query=JavaScript%20DOM%3A%20Events%3A%20click%2C%20submit%2C%20keypress%20Kevin%20Powell,https://www.youtube.com/results?search_query=JavaScript%20DOM%3A%20Events%3A%20click%2C%20submit%2C%20keypress%20Web%20Dev%20Simplified,https://javascript.info/introduction-browser-events,45,Explaining React event handling,
TRK-001,L0051,LVL-001,FE-T03,frontend,JavaScript,Project: Calculator App,beginner,project,https://youtu.be/j59qQ7YWLxw,https://www.youtube.com/results?search_query=JavaScript%20Project%3A%20Calculator%20App%20Kevin%20Powell,https://www.youtube.com/results?search_query=JavaScript%20Project%3A%20Calculator%20App%20Web%20Dev%20Simplified,,60,Calculator app project,
TRK-001,L0052,LVL-001,FE-T03,frontend,JavaScript,Article: Complete JavaScript.info,beginner,article,,https://www.youtube.com/results?search_query=JavaScript%20Article%3A%20Complete%20JavaScript.info%20Kevin%20Powell,https://www.youtube.com/results?search_query=JavaScript%20Article%3A%20Complete%20JavaScript.info%20Web%20Dev%20Simplified,https://javascript.info,0,Best free JavaScript reference,
TRK-001,L0053,LVL-001,FE-T04,frontend,Git,What is Version Control and the Problem Without It,beginner,explanation,https://youtu.be/RGOj5yH7evk,https://www.youtube.com/results?search_query=Git%20What%20is%20Version%20Control%20and%20the%20Problem%20Without%20It%20Kevin%20Powell,https://www.youtube.com/results?search_query=Git%20What%20is%20Version%20Control%20and%20the%20Problem%20Without%20It%20Web%20Dev%20Simplified,https://git-scm.com/book/en/v2/Getting-Started-About-Version-Control,30,Introduction to Git,
TRK-001,L0054,LVL-001,FE-T04,frontend,Git,Installing Git and Setup: config name email,beginner,explanation,https://youtu.be/USjZcfj8yxE,https://www.youtube.com/results?search_query=Git%20Installing%20Git%20and%20Setup%3A%20config%20name%20email%20Kevin%20Powell,https://www.youtube.com/results?search_query=Git%20Installing%20Git%20and%20Setup%3A%20config%20name%20email%20Web%20Dev%20Simplified,,20,Explaining Git installation and setup,
TRK-001,L0055,LVL-001,FE-T04,frontend,Git,"Basic Commands: init, status, add, commit",beginner,explanation,https://youtu.be/USjZcfj8yxE,https://www.youtube.com/results?search_query=Git%20Basic%20Commands%3A%20init%2C%20status%2C%20add%2C%20commit%20Kevin%20Powell,https://www.youtube.com/results?search_query=Git%20Basic%20Commands%3A%20init%2C%20status%2C%20add%2C%20commit%20Web%20Dev%20Simplified,https://git-scm.com/book/en/v2,45,Explaining basic Git commands,
TRK-001,L0056,LVL-001,FE-T04,frontend,Git,log and diff: Viewing History,beginner,explanation,https://youtu.be/USjZcfj8yxE,https://www.youtube.com/results?search_query=Git%20log%20and%20diff%3A%20Viewing%20History%20Kevin%20Powell,https://www.youtube.com/results?search_query=Git%20log%20and%20diff%3A%20Viewing%20History%20Web%20Dev%20Simplified,,25,Explaining git log and diff,
TRK-001,L0057,LVL-001,FE-T04,frontend,Git,Branching: Creating and Switching Branches,beginner,explanation,https://youtu.be/e2IbNHi4uCI,https://www.youtube.com/results?search_query=Git%20Branching%3A%20Creating%20and%20Switching%20Branches%20Kevin%20Powell,https://www.youtube.com/results?search_query=Git%20Branching%3A%20Creating%20and%20Switching%20Branches%20Web%20Dev%20Simplified,https://git-scm.com/book/en/v2/Git-Branching-Branches-in-a-Nutshell,35,Explaining branching,
TRK-001,L0058,LVL-001,FE-T04,frontend,Git,Merging: Combining Branches,beginner,explanation,https://youtu.be/e2IbNHi4uCI,https://www.youtube.com/results?search_query=Git%20Merging%3A%20Combining%20Branches%20Kevin%20Powell,https://www.youtube.com/results?search_query=Git%20Merging%3A%20Combining%20Branches%20Web%20Dev%20Simplified,,30,Explaining DataFrame merging,
TRK-001,L0059,LVL-001,FE-T04,frontend,Git,GitHub: Creating a Repo and Uploading Projects with push/pull,beginner,explanation,https://youtu.be/nhNq2kIvi9s,https://www.youtube.com/results?search_query=Git%20GitHub%3A%20Creating%20a%20Repo%20and%20Uploading%20Projects%20with%20push/pull%20Kevin%20Powell,https://www.youtube.com/results?search_query=Git%20GitHub%3A%20Creating%20a%20Repo%20and%20Uploading%20Projects%20with%20push/pull%20Web%20Dev%20Simplified,https://docs.github.com/en/get-started,45,Explaining GitHub basics,
TRK-001,L0060,LVL-001,FE-T04,frontend,Git,Article: Official Git Cheat Sheet from GitHub,beginner,article,,https://www.youtube.com/results?search_query=Git%20Article%3A%20Official%20Git%20Cheat%20Sheet%20from%20GitHub%20Kevin%20Powell,https://www.youtube.com/results?search_query=Git%20Article%3A%20Official%20Git%20Cheat%20Sheet%20from%20GitHub%20Web%20Dev%20Simplified,https://education.github.com/git-cheat-sheet-education.pdf,0,Git commands cheat sheet,
TRK-001,L0061,LVL-001,FE-T10,frontend,Tooling,Setting Up the Dev Environment: VS Code and Key Extensions,beginner,explanation,https://youtu.be/VqCgcpAypFQ,https://www.youtube.com/results?search_query=Tooling%20Setting%20Up%20the%20Dev%20Environment%3A%20VS%20Code%20and%20Key%20Extensions%20Kevin%20Powell,https://www.youtube.com/results?search_query=Tooling%20Setting%20Up%20the%20Dev%20Environment%3A%20VS%20Code%20and%20Key%20Extensions%20Web%20Dev%20Simplified,https://code.visualstudio.com/docs,30,Explaining VS Code setup,
TRK-001,L0062,LVL-001,FE-T10,frontend,Tooling,"Browser DevTools: Elements, Console, Network",beginner,explanation,https://youtu.be/x4q86IjJFag,https://www.youtube.com/results?search_query=Tooling%20Browser%20DevTools%3A%20Elements%2C%20Console%2C%20Network%20Kevin%20Powell,https://www.youtube.com/results?search_query=Tooling%20Browser%20DevTools%3A%20Elements%2C%20Console%2C%20Network%20Web%20Dev%20Simplified,https://developer.chrome.com/docs/devtools,40,Explaining browser DevTools,
TRK-001,L0063,LVL-001,FE-T10,frontend,Tooling,What is npm and How to Use It,beginner,explanation,https://youtu.be/P3aKRdUyr0s,https://www.youtube.com/results?search_query=Tooling%20What%20is%20npm%20and%20How%20to%20Use%20It%20Kevin%20Powell,https://www.youtube.com/results?search_query=Tooling%20What%20is%20npm%20and%20How%20to%20Use%20It%20Web%20Dev%20Simplified,https://docs.npmjs.com/about-npm,30,Explaining npm package manager,
TRK-001,L0064,LVL-001,FE-T10,frontend,Tooling,What is Vite and How to Start a Project with It,beginner,explanation,https://youtu.be/LQQ3CR2JTX8,https://www.youtube.com/results?search_query=Tooling%20What%20is%20Vite%20and%20How%20to%20Start%20a%20Project%20with%20It%20Kevin%20Powell,https://www.youtube.com/results?search_query=Tooling%20What%20is%20Vite%20and%20How%20to%20Start%20a%20Project%20with%20It%20Web%20Dev%20Simplified,https://vitejs.dev/guide,25,Explaining Vite build tool,
TRK-001,L0065,LVL-001,FE-T10,frontend,Tooling,Prettier: Automatic Code Formatting,beginner,explanation,https://youtu.be/DqfQ4DPnRqI,https://www.youtube.com/results?search_query=Tooling%20Prettier%3A%20Automatic%20Code%20Formatting%20Kevin%20Powell,https://www.youtube.com/results?search_query=Tooling%20Prettier%3A%20Automatic%20Code%20Formatting%20Web%20Dev%20Simplified,https://prettier.io/docs/en/index.html,20,Explaining Prettier formatter,
TRK-001,L0066,LVL-001,FE-T10,frontend,Tooling,ESLint: Error Detection,beginner,explanation,https://youtu.be/qhuFviJn-es,https://www.youtube.com/results?search_query=Tooling%20ESLint%3A%20Error%20Detection%20Kevin%20Powell,https://www.youtube.com/results?search_query=Tooling%20ESLint%3A%20Error%20Detection%20Web%20Dev%20Simplified,https://eslint.org/docs/user-guide/getting-started,25,Explaining ESLint linter,
TRK-001,L0067,LVL-001,FE-T10,frontend,Tooling,What is the Terminal and Key Commands,beginner,explanation,https://youtu.be/yz7nYlnXLfE,https://www.youtube.com/results?search_query=Tooling%20What%20is%20the%20Terminal%20and%20Key%20Commands%20Kevin%20Powell,https://www.youtube.com/results?search_query=Tooling%20What%20is%20the%20Terminal%20and%20Key%20Commands%20Web%20Dev%20Simplified,,30,Explaining terminal basics,
TRK-001,L0068,LVL-001,FE-T10,frontend,Tooling,Article: frontend Developer Roadmap,beginner,article,,https://www.youtube.com/results?search_query=Tooling%20Article%3A%20frontend%20Developer%20Roadmap%20Kevin%20Powell,https://www.youtube.com/results?search_query=Tooling%20Article%3A%20frontend%20Developer%20Roadmap%20Web%20Dev%20Simplified,https://roadmap.sh/frontend,0,frontend developer roadmap,
TRK-001,L0069,LVL-002,FE-T02,frontend,CSS,CSS Variables: Creating and Using Custom Properties,intermediate,explanation,https://youtu.be/oZPR_78wCnY,https://www.youtube.com/results?search_query=CSS%20CSS%20Variables%3A%20Creating%20and%20Using%20Custom%20Properties%20Kevin%20Powell,https://www.youtube.com/results?search_query=CSS%20CSS%20Variables%3A%20Creating%20and%20Using%20Custom%20Properties%20Web%20Dev%20Simplified,https://developer.mozilla.org/en-US/docs/Web/CSS/Using_CSS_custom_properties,35,Explaining CSS custom properties,
TRK-001,L0070,LVL-002,FE-T02,frontend,CSS,CSS Animations: keyframes animation properties,intermediate,explanation,https://youtu.be/SgmNxE9lWcY,https://www.youtube.com/results?search_query=CSS%20CSS%20Animations%3A%20keyframes%20animation%20properties%20Kevin%20Powell,https://www.youtube.com/results?search_query=CSS%20CSS%20Animations%3A%20keyframes%20animation%20properties%20Web%20Dev%20Simplified,https://web.dev/learn/css/animations,40,Explaining CSS animations,
TRK-001,L0071,LVL-002,FE-T02,frontend,CSS,CSS Transitions: transition timing functions,intermediate,explanation,https://youtu.be/SgmNxE9lWcY,https://www.youtube.com/results?search_query=CSS%20CSS%20Transitions%3A%20transition%20timing%20functions%20Kevin%20Powell,https://www.youtube.com/results?search_query=CSS%20CSS%20Transitions%3A%20transition%20timing%20functions%20Web%20Dev%20Simplified,,30,Explaining CSS transitions,
TRK-001,L0072,LVL-002,FE-T02,frontend,CSS,Sass/SCSS: Variables Nesting Mixins Extends,intermediate,explanation,https://youtu.be/_a5j7KoflTs,https://www.youtube.com/results?search_query=CSS%20Sass/SCSS%3A%20Variables%20Nesting%20Mixins%20Extends%20Kevin%20Powell,https://www.youtube.com/results?search_query=CSS%20Sass/SCSS%3A%20Variables%20Nesting%20Mixins%20Extends%20Web%20Dev%20Simplified,https://sass-lang.com/guide,50,Explaining Sass and SCSS,
TRK-001,L0073,LVL-002,FE-T02,frontend,CSS,BEM Methodology: Block Element Modifier,intermediate,explanation,https://youtu.be/SLjHSVwXYq4,https://www.youtube.com/results?search_query=CSS%20BEM%20Methodology%3A%20Block%20Element%20Modifier%20Kevin%20Powell,https://www.youtube.com/results?search_query=CSS%20BEM%20Methodology%3A%20Block%20Element%20Modifier%20Web%20Dev%20Simplified,https://getbem.com/introduction,30,Explaining BEM methodology,
TRK-001,L0074,LVL-002,FE-T02,frontend,CSS,CSS Architecture: How to Organize CSS Files,intermediate,explanation,https://youtu.be/SLjHSVwXYq4,https://www.youtube.com/results?search_query=CSS%20CSS%20Architecture%3A%20How%20to%20Organize%20CSS%20Files%20Kevin%20Powell,https://www.youtube.com/results?search_query=CSS%20CSS%20Architecture%3A%20How%20to%20Organize%20CSS%20Files%20Web%20Dev%20Simplified,,30,Explaining CSS architecture,
TRK-001,L0075,LVL-002,FE-T02,frontend,CSS,Tailwind CSS: Introduction and Basics,intermediate,explanation,https://youtu.be/pfaSUYaSgRo,https://www.youtube.com/results?search_query=CSS%20Tailwind%20CSS%3A%20Introduction%20and%20Basics%20Kevin%20Powell,https://www.youtube.com/results?search_query=CSS%20Tailwind%20CSS%3A%20Introduction%20and%20Basics%20Web%20Dev%20Simplified,https://tailwindcss.com/docs,50,Explaining Tailwind CSS basics,
TRK-001,L0076,LVL-002,FE-T02,frontend,CSS,Tailwind CSS: Responsive and Custom Config,intermediate,explanation,https://youtu.be/pfaSUYaSgRo,https://www.youtube.com/results?search_query=CSS%20Tailwind%20CSS%3A%20Responsive%20and%20Custom%20Config%20Kevin%20Powell,https://www.youtube.com/results?search_query=CSS%20Tailwind%20CSS%3A%20Responsive%20and%20Custom%20Config%20Web%20Dev%20Simplified,,40,Explaining Tailwind responsive and config,
TRK-001,L0077,LVL-002,FE-T02,frontend,CSS,Project: Professional Landing Page with Sass + BEM,intermediate,project,https://youtu.be/p0bGHP-PXD4,https://www.youtube.com/results?search_query=CSS%20Project%3A%20Professional%20Landing%20Page%20with%20Sass%20%2B%20BEM%20Kevin%20Powell,https://www.youtube.com/results?search_query=CSS%20Project%3A%20Professional%20Landing%20Page%20with%20Sass%20%2B%20BEM%20Web%20Dev%20Simplified,,90,Responsive landing page project,
TRK-001,L0078,LVL-002,FE-T02,frontend,CSS,Project: Dark/Light Mode Toggle with CSS Variables,intermediate,project,https://youtu.be/wodWDIdV9BY,https://www.youtube.com/results?search_query=CSS%20Project%3A%20Dark/Light%20Mode%20Toggle%20with%20CSS%20Variables%20Kevin%20Powell,https://www.youtube.com/results?search_query=CSS%20Project%3A%20Dark/Light%20Mode%20Toggle%20with%20CSS%20Variables%20Web%20Dev%20Simplified,,50,Dark mode toggle project,
TRK-001,L0079,LVL-002,FE-T03,frontend,JavaScript,ES6+: Destructuring Assignment,intermediate,explanation,https://youtu.be/NIq3qLaHCIs,https://www.youtube.com/results?search_query=JavaScript%20ES6%2B%3A%20Destructuring%20Assignment%20Kevin%20Powell,https://www.youtube.com/results?search_query=JavaScript%20ES6%2B%3A%20Destructuring%20Assignment%20Web%20Dev%20Simplified,https://javascript.info/destructuring-assignment,35,Explaining destructuring assignment,
TRK-001,L0080,LVL-002,FE-T03,frontend,JavaScript,ES6+: Spread & Rest Operators,intermediate,explanation,https://youtu.be/iLx4ma8ZqvQ,https://www.youtube.com/results?search_query=JavaScript%20ES6%2B%3A%20Spread%20%26%20Rest%20Operators%20Kevin%20Powell,https://www.youtube.com/results?search_query=JavaScript%20ES6%2B%3A%20Spread%20%26%20Rest%20Operators%20Web%20Dev%20Simplified,https://javascript.info/rest-parameters-spread,30,Explaining spread and rest operators,
TRK-001,L0081,LVL-002,FE-T03,frontend,JavaScript,ES6+: Template Literals,intermediate,explanation,https://youtu.be/DG4obitDvUA,https://www.youtube.com/results?search_query=JavaScript%20ES6%2B%3A%20Template%20Literals%20Kevin%20Powell,https://www.youtube.com/results?search_query=JavaScript%20ES6%2B%3A%20Template%20Literals%20Web%20Dev%20Simplified,https://javascript.info/string#template-literals,20,Explaining template literals,
TRK-001,L0082,LVL-002,FE-T03,frontend,JavaScript,ES6+: Optional Chaining & Nullish Coalescing,intermediate,explanation,https://youtu.be/v2tJ3nzXh8I,https://www.youtube.com/results?search_query=JavaScript%20ES6%2B%3A%20Optional%20Chaining%20%26%20Nullish%20Coalescing%20Kevin%20Powell,https://www.youtube.com/results?search_query=JavaScript%20ES6%2B%3A%20Optional%20Chaining%20%26%20Nullish%20Coalescing%20Web%20Dev%20Simplified,https://javascript.info/optional-chaining,25,Explaining optional chaining,
TRK-001,L0083,LVL-002,FE-T03,frontend,JavaScript,Array Methods: map filter reduce,intermediate,explanation,https://youtu.be/rRgD1yVwIvE,https://www.youtube.com/results?search_query=JavaScript%20Array%20Methods%3A%20map%20filter%20reduce%20Kevin%20Powell,https://www.youtube.com/results?search_query=JavaScript%20Array%20Methods%3A%20map%20filter%20reduce%20Web%20Dev%20Simplified,https://javascript.info/array-methods,50,"Explaining map, filter, and reduce",
TRK-001,L0084,LVL-002,FE-T03,frontend,JavaScript,Array Methods: find findIndex some every flat,intermediate,explanation,https://youtu.be/R8RkZGqDFU0,https://www.youtube.com/results?search_query=JavaScript%20Array%20Methods%3A%20find%20findIndex%20some%20every%20flat%20Kevin%20Powell,https://www.youtube.com/results?search_query=JavaScript%20Array%20Methods%3A%20find%20findIndex%20some%20every%20flat%20Web%20Dev%20Simplified,,35,"Explaining find, some, every, flat",
TRK-001,L0085,LVL-002,FE-T03,frontend,JavaScript,Closures in Detail with Practical Examples,intermediate,explanation,https://youtu.be/3a0I8ICR1Vg,https://www.youtube.com/results?search_query=JavaScript%20Closures%20in%20Detail%20with%20Practical%20Examples%20Kevin%20Powell,https://www.youtube.com/results?search_query=JavaScript%20Closures%20in%20Detail%20with%20Practical%20Examples%20Web%20Dev%20Simplified,https://javascript.info/closure,45,Explaining closures in depth,
TRK-001,L0086,LVL-002,FE-T03,frontend,JavaScript,Higher Order Functions,intermediate,explanation,https://youtu.be/0aKZvNNf8BA,https://www.youtube.com/results?search_query=JavaScript%20Higher%20Order%20Functions%20Kevin%20Powell,https://www.youtube.com/results?search_query=JavaScript%20Higher%20Order%20Functions%20Web%20Dev%20Simplified,,35,Explaining higher order functions,
TRK-001,L0087,LVL-002,FE-T03,frontend,JavaScript,OOP: Classes Constructor Inheritance,intermediate,explanation,https://youtu.be/PFmuCDHHpwk,https://www.youtube.com/results?search_query=JavaScript%20OOP%3A%20Classes%20Constructor%20Inheritance%20Kevin%20Powell,https://www.youtube.com/results?search_query=JavaScript%20OOP%3A%20Classes%20Constructor%20Inheritance%20Web%20Dev%20Simplified,https://javascript.info/classes,65,Explaining object-oriented programming,
TRK-001,L0088,LVL-002,FE-T03,frontend,JavaScript,OOP: Encapsulation Polymorphism,intermediate,explanation,https://youtu.be/pTB0EiLXUC8,https://www.youtube.com/results?search_query=JavaScript%20OOP%3A%20Encapsulation%20Polymorphism%20Kevin%20Powell,https://www.youtube.com/results?search_query=JavaScript%20OOP%3A%20Encapsulation%20Polymorphism%20Web%20Dev%20Simplified,,45,Explaining advanced OOP concepts,
TRK-001,L0089,LVL-002,FE-T03,frontend,JavaScript,Asynchronous JS: The Event Loop,intermediate,explanation,https://youtu.be/8aGhZQkoFbQ,https://www.youtube.com/results?search_query=JavaScript%20Asynchronous%20JS%3A%20The%20Event%20Loop%20Kevin%20Powell,https://www.youtube.com/results?search_query=JavaScript%20Asynchronous%20JS%3A%20The%20Event%20Loop%20Web%20Dev%20Simplified,https://javascript.info/event-loop,40,Explaining the JavaScript event loop,
TRK-001,L0090,LVL-002,FE-T03,frontend,JavaScript,Callbacks & Callback Hell,intermediate,explanation,https://youtu.be/PoRJizFvM7s,https://www.youtube.com/results?search_query=JavaScript%20Callbacks%20%26%20Callback%20Hell%20Kevin%20Powell,https://www.youtube.com/results?search_query=JavaScript%20Callbacks%20%26%20Callback%20Hell%20Web%20Dev%20Simplified,https://javascript.info/callbacks,35,Explaining callbacks and callback hell,
TRK-001,L0091,LVL-002,FE-T03,frontend,JavaScript,Promises: then catch finally chaining,intermediate,explanation,https://youtu.be/PoRJizFvM7s,https://www.youtube.com/results?search_query=JavaScript%20Promises%3A%20then%20catch%20finally%20chaining%20Kevin%20Powell,https://www.youtube.com/results?search_query=JavaScript%20Promises%3A%20then%20catch%20finally%20chaining%20Web%20Dev%20Simplified,https://javascript.info/promise-basics,50,Explaining promises,
TRK-001,L0092,LVL-002,FE-T03,frontend,JavaScript,Async/Await in Detail,intermediate,explanation,https://youtu.be/V_Kr9OSfDeU,https://www.youtube.com/results?search_query=JavaScript%20Async/Await%20in%20Detail%20Kevin%20Powell,https://www.youtube.com/results?search_query=JavaScript%20Async/Await%20in%20Detail%20Web%20Dev%20Simplified,https://javascript.info/async-await,45,Explaining async/await,
TRK-001,L0093,LVL-002,FE-T03,frontend,JavaScript,Fetch API: GET POST PUT DELETE,intermediate,explanation,https://youtu.be/cuEtnrL9-H0,https://www.youtube.com/results?search_query=JavaScript%20Fetch%20API%3A%20GET%20POST%20PUT%20DELETE%20Kevin%20Powell,https://www.youtube.com/results?search_query=JavaScript%20Fetch%20API%3A%20GET%20POST%20PUT%20DELETE%20Web%20Dev%20Simplified,https://developer.mozilla.org/en-US/docs/Web/API/Fetch_API,45,Explaining the Fetch API,
TRK-001,L0094,LVL-002,FE-T03,frontend,JavaScript,Error Handling: try catch throw custom errors,intermediate,explanation,https://youtu.be/cFTFtuEQ-10,https://www.youtube.com/results?search_query=JavaScript%20Error%20Handling%3A%20try%20catch%20throw%20custom%20errors%20Kevin%20Powell,https://www.youtube.com/results?search_query=JavaScript%20Error%20Handling%3A%20try%20catch%20throw%20custom%20errors%20Web%20Dev%20Simplified,https://javascript.info/error-handling,35,Explaining error handling,
TRK-001,L0095,LVL-002,FE-T03,frontend,JavaScript,Modules: import export default named,intermediate,explanation,https://youtu.be/cRHQNNcYf6s,https://www.youtube.com/results?search_query=JavaScript%20Modules%3A%20import%20export%20default%20named%20Kevin%20Powell,https://www.youtube.com/results?search_query=JavaScript%20Modules%3A%20import%20export%20default%20named%20Web%20Dev%20Simplified,https://javascript.info/modules,40,Explaining ES modules,
TRK-001,L0096,LVL-002,FE-T03,frontend,JavaScript,Local Storage & Session Storage,intermediate,explanation,https://youtu.be/AUOzvFzdIk4,https://www.youtube.com/results?search_query=JavaScript%20Local%20Storage%20%26%20Session%20Storage%20Kevin%20Powell,https://www.youtube.com/results?search_query=JavaScript%20Local%20Storage%20%26%20Session%20Storage%20Web%20Dev%20Simplified,,35,Explaining local and session storage,
TRK-001,L0097,LVL-002,FE-T03,frontend,JavaScript,Project: Weather App with Fetch API,intermediate,project,https://youtu.be/cuEtnrL9-H0,https://www.youtube.com/results?search_query=JavaScript%20Project%3A%20Weather%20App%20with%20Fetch%20API%20Kevin%20Powell,https://www.youtube.com/results?search_query=JavaScript%20Project%3A%20Weather%20App%20with%20Fetch%20API%20Web%20Dev%20Simplified,,70,Weather app project,
TRK-001,L0098,LVL-002,FE-T03,frontend,JavaScript,Project: Todo App with Local Storage,intermediate,project,https://youtu.be/G0jO8kUrg-I,https://www.youtube.com/results?search_query=JavaScript%20Project%3A%20Todo%20App%20with%20Local%20Storage%20Kevin%20Powell,https://www.youtube.com/results?search_query=JavaScript%20Project%3A%20Todo%20App%20with%20Local%20Storage%20Web%20Dev%20Simplified,,75,Todo app with local storage project,
TRK-001,L0099,LVL-002,FE-T03,frontend,JavaScript,Project: Dynamic Quiz App,intermediate,project,https://youtu.be/riDzcEQbX6k,https://www.youtube.com/results?search_query=JavaScript%20Project%3A%20Dynamic%20Quiz%20App%20Kevin%20Powell,https://www.youtube.com/results?search_query=JavaScript%20Project%3A%20Dynamic%20Quiz%20App%20Web%20Dev%20Simplified,,80,Dynamic quiz app project,
TRK-001,L0100,LVL-002,FE-T03,frontend,JavaScript,Article: You Don't Know JS (Free Book),intermediate,article,,https://www.youtube.com/results?search_query=JavaScript%20Article%3A%20You%20Don%27t%20Know%20JS%20%28Free%20Book%29%20Kevin%20Powell,https://www.youtube.com/results?search_query=JavaScript%20Article%3A%20You%20Don%27t%20Know%20JS%20%28Free%20Book%29%20Web%20Dev%20Simplified,https://github.com/getify/You-Dont-Know-JS,0,Deep reference for JavaScript,
TRK-001,L0101,LVL-002,FE-T05,frontend,React,React: What Is It and Why We Use It,intermediate,explanation,https://youtu.be/Ke90Tje7VS0,https://www.youtube.com/results?search_query=React%20React%3A%20What%20Is%20It%20and%20Why%20We%20Use%20It%20Kevin%20Powell,https://www.youtube.com/results?search_query=React%20React%3A%20What%20Is%20It%20and%20Why%20We%20Use%20It%20Web%20Dev%20Simplified,https://react.dev/learn,40,Introduction to React,
TRK-001,L0102,LVL-002,FE-T05,frontend,React,Setting Up a React Project with Vite,intermediate,explanation,https://youtu.be/LQQ3CR2JTX8,https://www.youtube.com/results?search_query=React%20Setting%20Up%20a%20React%20Project%20with%20Vite%20Kevin%20Powell,https://www.youtube.com/results?search_query=React%20Setting%20Up%20a%20React%20Project%20with%20Vite%20Web%20Dev%20Simplified,https://vitejs.dev/guide,25,Explaining project setup with Vite,
TRK-001,L0103,LVL-002,FE-T05,frontend,React,JSX: Writing HTML Inside JavaScript,intermediate,explanation,https://youtu.be/7fPXI_MnBOY,https://www.youtube.com/results?search_query=React%20JSX%3A%20Writing%20HTML%20Inside%20JavaScript%20Kevin%20Powell,https://www.youtube.com/results?search_query=React%20JSX%3A%20Writing%20HTML%20Inside%20JavaScript%20Web%20Dev%20Simplified,https://react.dev/learn/writing-markup-with-jsx,35,Explaining JSX syntax,
TRK-001,L0104,LVL-002,FE-T05,frontend,React,Components: Function Components,intermediate,explanation,https://youtu.be/jh5azDQ52rM,https://www.youtube.com/results?search_query=React%20Components%3A%20Function%20Components%20Kevin%20Powell,https://www.youtube.com/results?search_query=React%20Components%3A%20Function%20Components%20Web%20Dev%20Simplified,https://react.dev/learn/your-first-component,40,Explaining React components,
TRK-001,L0105,LVL-002,FE-T05,frontend,React,Props: Passing Data to Components,intermediate,explanation,https://youtu.be/jh5azDQ52rM,https://www.youtube.com/results?search_query=React%20Props%3A%20Passing%20Data%20to%20Components%20Kevin%20Powell,https://www.youtube.com/results?search_query=React%20Props%3A%20Passing%20Data%20to%20Components%20Web%20Dev%20Simplified,https://react.dev/learn/passing-props-to-a-component,35,Explaining React props,
TRK-001,L0106,LVL-002,FE-T05,frontend,React,State & useState: Managing Component Data,intermediate,explanation,https://youtu.be/35lXWvCuM8o,https://www.youtube.com/results?search_query=React%20State%20%26%20useState%3A%20Managing%20Component%20Data%20Kevin%20Powell,https://www.youtube.com/results?search_query=React%20State%20%26%20useState%3A%20Managing%20Component%20Data%20Web%20Dev%20Simplified,https://react.dev/learn/state-a-components-memory,50,Explaining useState hook,
TRK-001,L0107,LVL-002,FE-T05,frontend,React,Conditional Rendering: if ternary &&,intermediate,explanation,https://youtu.be/7o5FPaVA9m0,https://www.youtube.com/results?search_query=React%20Conditional%20Rendering%3A%20if%20ternary%20%26%26%20Kevin%20Powell,https://www.youtube.com/results?search_query=React%20Conditional%20Rendering%3A%20if%20ternary%20%26%26%20Web%20Dev%20Simplified,https://react.dev/learn/conditional-rendering,30,Explaining conditional rendering,
TRK-001,L0108,LVL-002,FE-T05,frontend,React,Rendering Lists: map and key,intermediate,explanation,https://youtu.be/7o5FPaVA9m0,https://www.youtube.com/results?search_query=React%20Rendering%20Lists%3A%20map%20and%20key%20Kevin%20Powell,https://www.youtube.com/results?search_query=React%20Rendering%20Lists%3A%20map%20and%20key%20Web%20Dev%20Simplified,https://react.dev/learn/rendering-lists,30,Explaining Python lists,
TRK-001,L0109,LVL-002,FE-T05,frontend,React,Handling Events in React,intermediate,explanation,https://youtu.be/Znqv84xi8Vs,https://www.youtube.com/results?search_query=React%20Handling%20Events%20in%20React%20Kevin%20Powell,https://www.youtube.com/results?search_query=React%20Handling%20Events%20in%20React%20Web%20Dev%20Simplified,https://react.dev/learn/responding-to-events,35,Explaining React event handling,
TRK-001,L0110,LVL-002,FE-T05,frontend,React,Forms: Controlled Components,intermediate,explanation,https://youtu.be/IkMND33x0qQ,https://www.youtube.com/results?search_query=React%20Forms%3A%20Controlled%20Components%20Kevin%20Powell,https://www.youtube.com/results?search_query=React%20Forms%3A%20Controlled%20Components%20Web%20Dev%20Simplified,https://react.dev/learn/reacting-to-input-with-state,40,Explaining controlled form components,
TRK-001,L0111,LVL-002,FE-T05,frontend,React,useEffect: Side Effects and Lifecycle,intermediate,explanation,https://youtu.be/0ZJgIjIuY7U,https://www.youtube.com/results?search_query=React%20useEffect%3A%20Side%20Effects%20and%20Lifecycle%20Kevin%20Powell,https://www.youtube.com/results?search_query=React%20useEffect%3A%20Side%20Effects%20and%20Lifecycle%20Web%20Dev%20Simplified,https://react.dev/learn/synchronizing-with-effects,55,Explaining useEffect hook,
TRK-001,L0112,LVL-002,FE-T05,frontend,React,useEffect: Fetching Data from API,intermediate,explanation,https://youtu.be/00lxm_doFYw,https://www.youtube.com/results?search_query=React%20useEffect%3A%20Fetching%20Data%20from%20API%20Kevin%20Powell,https://www.youtube.com/results?search_query=React%20useEffect%3A%20Fetching%20Data%20from%20API%20Web%20Dev%20Simplified,https://react.dev/learn/you-might-not-need-an-effect,45,Explaining data fetching in React,
TRK-001,L0113,LVL-002,FE-T05,frontend,React,useRef: Accessing DOM Elements,intermediate,explanation,https://youtu.be/t2ypzz6gzmg,https://www.youtube.com/results?search_query=React%20useRef%3A%20Accessing%20DOM%20Elements%20Kevin%20Powell,https://www.youtube.com/results?search_query=React%20useRef%3A%20Accessing%20DOM%20Elements%20Web%20Dev%20Simplified,https://react.dev/learn/referencing-values-with-refs,30,Explaining useRef hook,
TRK-001,L0114,LVL-002,FE-T05,frontend,React,Lifting State Up: Sharing State Between Components,intermediate,explanation,https://youtu.be/HF4o9KAZNxw,https://www.youtube.com/results?search_query=React%20Lifting%20State%20Up%3A%20Sharing%20State%20Between%20Components%20Kevin%20Powell,https://www.youtube.com/results?search_query=React%20Lifting%20State%20Up%3A%20Sharing%20State%20Between%20Components%20Web%20Dev%20Simplified,https://react.dev/learn/sharing-state-between-components,35,Explaining lifting state up,
TRK-001,L0115,LVL-002,FE-T05,frontend,React,Component Composition: Children Prop,intermediate,explanation,https://youtu.be/NK-B1QMNmDo,https://www.youtube.com/results?search_query=React%20Component%20Composition%3A%20Children%20Prop%20Kevin%20Powell,https://www.youtube.com/results?search_query=React%20Component%20Composition%3A%20Children%20Prop%20Web%20Dev%20Simplified,https://react.dev/learn/passing-jsx-as-children,30,Explaining component composition,
TRK-001,L0116,LVL-002,FE-T05,frontend,React,React Router v6: Navigating Between Pages,intermediate,explanation,https://youtu.be/Law7wfdg_ls,https://www.youtube.com/results?search_query=React%20React%20Router%20v6%3A%20Navigating%20Between%20Pages%20Kevin%20Powell,https://www.youtube.com/results?search_query=React%20React%20Router%20v6%3A%20Navigating%20Between%20Pages%20Web%20Dev%20Simplified,https://reactrouter.com/en/main/start/tutorial,60,Explaining React Router v6,
TRK-001,L0117,LVL-002,FE-T05,frontend,React,React Router: Params & Nested Routes,intermediate,explanation,https://youtu.be/Law7wfdg_ls,https://www.youtube.com/results?search_query=React%20React%20Router%3A%20Params%20%26%20Nested%20Routes%20Kevin%20Powell,https://www.youtube.com/results?search_query=React%20React%20Router%3A%20Params%20%26%20Nested%20Routes%20Web%20Dev%20Simplified,,40,Explaining params and nested routes,
TRK-001,L0118,LVL-002,FE-T05,frontend,React,Project: Movie Search App with API,intermediate,project,https://youtu.be/b9eMGE7QtTk,https://www.youtube.com/results?search_query=React%20Project%3A%20Movie%20Search%20App%20with%20API%20Kevin%20Powell,https://www.youtube.com/results?search_query=React%20Project%3A%20Movie%20Search%20App%20with%20API%20Web%20Dev%20Simplified,,90,Movie search app project,
TRK-001,L0119,LVL-002,FE-T05,frontend,React,Project: Budget Tracker App,intermediate,project,https://youtu.be/aeYxBd96iBs,https://www.youtube.com/results?search_query=React%20Project%3A%20Budget%20Tracker%20App%20Kevin%20Powell,https://www.youtube.com/results?search_query=React%20Project%3A%20Budget%20Tracker%20App%20Web%20Dev%20Simplified,,100,Budget tracker app project,
TRK-001,L0120,LVL-002,FE-T05,frontend,React,Project: Recipe Finder App,intermediate,project,https://youtu.be/u6gSSpfsoOQ,https://www.youtube.com/results?search_query=React%20Project%3A%20Recipe%20Finder%20App%20Kevin%20Powell,https://www.youtube.com/results?search_query=React%20Project%3A%20Recipe%20Finder%20App%20Web%20Dev%20Simplified,,85,Recipe finder app project,
TRK-001,L0121,LVL-002,FE-T05,frontend,React,Project: Complete Notes App,intermediate,project,https://youtu.be/01YKQmia2Jw,https://www.youtube.com/results?search_query=React%20Project%3A%20Complete%20Notes%20App%20Kevin%20Powell,https://www.youtube.com/results?search_query=React%20Project%3A%20Complete%20Notes%20App%20Web%20Dev%20Simplified,,80,Notes app project,
TRK-001,L0122,LVL-002,FE-T05,frontend,React,Article: React Official Docs - Learn,intermediate,article,,https://www.youtube.com/results?search_query=React%20Article%3A%20React%20Official%20Docs%20-%20Learn%20Kevin%20Powell,https://www.youtube.com/results?search_query=React%20Article%3A%20React%20Official%20Docs%20-%20Learn%20Web%20Dev%20Simplified,https://react.dev/learn,0,Official Python tutorial,
TRK-001,L0123,LVL-002,FE-T04,frontend,Git,Branching Strategies: Feature Branch Workflow,intermediate,explanation,https://youtu.be/aJnFGMclhU8,https://www.youtube.com/results?search_query=Git%20Branching%20Strategies%3A%20Feature%20Branch%20Workflow%20Kevin%20Powell,https://www.youtube.com/results?search_query=Git%20Branching%20Strategies%3A%20Feature%20Branch%20Workflow%20Web%20Dev%20Simplified,https://www.atlassian.com/git/tutorials/comparing-workflows,35,Explaining branching strategies,
TRK-001,L0124,LVL-002,FE-T04,frontend,Git,Merging vs Rebasing: The Difference and When to Use Each,intermediate,explanation,https://youtu.be/CRlGDDprdOQ,https://www.youtube.com/results?search_query=Git%20Merging%20vs%20Rebasing%3A%20The%20Difference%20and%20When%20to%20Use%20Each%20Kevin%20Powell,https://www.youtube.com/results?search_query=Git%20Merging%20vs%20Rebasing%3A%20The%20Difference%20and%20When%20to%20Use%20Each%20Web%20Dev%20Simplified,https://www.atlassian.com/git/tutorials/merging-vs-rebasing,40,Explaining merging vs rebasing,
TRK-001,L0125,LVL-002,FE-T04,frontend,Git,Resolving Merge Conflicts,intermediate,explanation,https://youtu.be/xNVM5UxlFSA,https://www.youtube.com/results?search_query=Git%20Resolving%20Merge%20Conflicts%20Kevin%20Powell,https://www.youtube.com/results?search_query=Git%20Resolving%20Merge%20Conflicts%20Web%20Dev%20Simplified,,30,Explaining merge conflict resolution,
TRK-001,L0126,LVL-002,FE-T04,frontend,Git,Pull Requests & Code Review on GitHub,intermediate,explanation,https://youtu.be/8lGpZkjnkt4,https://www.youtube.com/results?search_query=Git%20Pull%20Requests%20%26%20Code%20Review%20on%20GitHub%20Kevin%20Powell,https://www.youtube.com/results?search_query=Git%20Pull%20Requests%20%26%20Code%20Review%20on%20GitHub%20Web%20Dev%20Simplified,https://docs.github.com/en/pull-requests,40,Explaining pull requests and code review,
TRK-001,L0127,LVL-002,FE-T04,frontend,Git,GitHub Issues & Project Boards,intermediate,explanation,https://youtu.be/TKJ4RdhyB5Y,https://www.youtube.com/results?search_query=Git%20GitHub%20Issues%20%26%20Project%20Boards%20Kevin%20Powell,https://www.youtube.com/results?search_query=Git%20GitHub%20Issues%20%26%20Project%20Boards%20Web%20Dev%20Simplified,https://docs.github.com/en/issues,30,Explaining GitHub issues and project boards,
TRK-001,L0128,LVL-002,FE-T04,frontend,Git,GitHub Pages: Deploy Your Projects for Free,intermediate,explanation,https://youtu.be/RaKX4A5EiQo,https://www.youtube.com/results?search_query=Git%20GitHub%20Pages%3A%20Deploy%20Your%20Projects%20for%20Free%20Kevin%20Powell,https://www.youtube.com/results?search_query=Git%20GitHub%20Pages%3A%20Deploy%20Your%20Projects%20for%20Free%20Web%20Dev%20Simplified,https://pages.github.com,30,Explaining GitHub Pages deployment,
TRK-001,L0129,LVL-002,FE-T04,frontend,Git,.gitignore and Professional README.md,intermediate,explanation,https://youtu.be/v9vT2odfZnE,https://www.youtube.com/results?search_query=Git%20.gitignore%20and%20Professional%20README.md%20Kevin%20Powell,https://www.youtube.com/results?search_query=Git%20.gitignore%20and%20Professional%20README.md%20Web%20Dev%20Simplified,,25,Explaining gitignore and README,
TRK-001,L0130,LVL-002,FE-T04,frontend,Git,Article: Free Pro Git Book,intermediate,article,,https://www.youtube.com/results?search_query=Git%20Article%3A%20Free%20Pro%20Git%20Book%20Kevin%20Powell,https://www.youtube.com/results?search_query=Git%20Article%3A%20Free%20Pro%20Git%20Book%20Web%20Dev%20Simplified,https://git-scm.com/book/en/v2,0,Most comprehensive free Git reference,
TRK-001,L0131,LVL-003,FE-T06,frontend,TypeScript,TypeScript: What Is It and Why We Use It,advanced,tutorial,https://youtu.be/BCg4U1FzODs,https://www.youtube.com/results?search_query=TypeScript%20TypeScript%3A%20What%20Is%20It%20and%20Why%20We%20Use%20It%20Kevin%20Powell,https://www.youtube.com/results?search_query=TypeScript%20TypeScript%3A%20What%20Is%20It%20and%20Why%20We%20Use%20It%20Web%20Dev%20Simplified,https://www.typescriptlang.org/docs/handbook/intro.html,40,Introduction to TypeScript,
TRK-001,L0132,LVL-003,FE-T06,frontend,TypeScript,TypeScript: Basic Types & Type Annotations,advanced,tutorial,https://youtu.be/d56mG7DezGs,https://www.youtube.com/results?search_query=TypeScript%20TypeScript%3A%20Basic%20Types%20%26%20Type%20Annotations%20Kevin%20Powell,https://www.youtube.com/results?search_query=TypeScript%20TypeScript%3A%20Basic%20Types%20%26%20Type%20Annotations%20Web%20Dev%20Simplified,https://www.typescriptlang.org/docs/handbook/2/everyday-types.html,45,Explaining TypeScript types and annotations,
TRK-001,L0133,LVL-003,FE-T06,frontend,TypeScript,TypeScript: Interfaces & Type Aliases,advanced,tutorial,https://youtu.be/d56mG7DezGs,https://www.youtube.com/results?search_query=TypeScript%20TypeScript%3A%20Interfaces%20%26%20Type%20Aliases%20Kevin%20Powell,https://www.youtube.com/results?search_query=TypeScript%20TypeScript%3A%20Interfaces%20%26%20Type%20Aliases%20Web%20Dev%20Simplified,https://www.typescriptlang.org/docs/handbook/2/objects.html,40,Explaining interfaces and type aliases,
TRK-001,L0134,LVL-003,FE-T06,frontend,TypeScript,TypeScript: Union & Intersection Types,advanced,tutorial,https://youtu.be/Pd4KJMdGqyA,https://www.youtube.com/results?search_query=TypeScript%20TypeScript%3A%20Union%20%26%20Intersection%20Types%20Kevin%20Powell,https://www.youtube.com/results?search_query=TypeScript%20TypeScript%3A%20Union%20%26%20Intersection%20Types%20Web%20Dev%20Simplified,,35,Explaining union and intersection types,
TRK-001,L0135,LVL-003,FE-T06,frontend,TypeScript,TypeScript: Enums,advanced,tutorial,https://youtu.be/d56mG7DezGs,https://www.youtube.com/results?search_query=TypeScript%20TypeScript%3A%20Enums%20Kevin%20Powell,https://www.youtube.com/results?search_query=TypeScript%20TypeScript%3A%20Enums%20Web%20Dev%20Simplified,https://www.typescriptlang.org/docs/handbook/enums.html,25,Explaining enums,
TRK-001,L0136,LVL-003,FE-T06,frontend,TypeScript,TypeScript: Generics,advanced,tutorial,https://youtu.be/nViEqpgwxHE,https://www.youtube.com/results?search_query=TypeScript%20TypeScript%3A%20Generics%20Kevin%20Powell,https://www.youtube.com/results?search_query=TypeScript%20TypeScript%3A%20Generics%20Web%20Dev%20Simplified,https://www.typescriptlang.org/docs/handbook/2/generics.html,45,Explaining generics,
TRK-001,L0137,LVL-003,FE-T06,frontend,TypeScript,TypeScript: Utility Types: Partial Omit Pick,advanced,tutorial,https://youtu.be/Pd4KJMdGqyA,https://www.youtube.com/results?search_query=TypeScript%20TypeScript%3A%20Utility%20Types%3A%20Partial%20Omit%20Pick%20Kevin%20Powell,https://www.youtube.com/results?search_query=TypeScript%20TypeScript%3A%20Utility%20Types%3A%20Partial%20Omit%20Pick%20Web%20Dev%20Simplified,https://www.typescriptlang.org/docs/handbook/utility-types.html,40,Explaining utility types,
TRK-001,L0138,LVL-003,FE-T06,frontend,TypeScript,TypeScript: Type Guards & Narrowing,advanced,tutorial,https://youtu.be/A-vAVkoAmMk,https://www.youtube.com/results?search_query=TypeScript%20TypeScript%3A%20Type%20Guards%20%26%20Narrowing%20Kevin%20Powell,https://www.youtube.com/results?search_query=TypeScript%20TypeScript%3A%20Type%20Guards%20%26%20Narrowing%20Web%20Dev%20Simplified,https://www.typescriptlang.org/docs/handbook/2/narrowing.html,35,Explaining type guards and narrowing,
TRK-001,L0139,LVL-003,FE-T06,frontend,TypeScript,"TypeScript with React: Props, State, Events",advanced,tutorial,https://youtu.be/FJDVKeh7RJI,https://www.youtube.com/results?search_query=TypeScript%20TypeScript%20with%20React%3A%20Props%2C%20State%2C%20Events%20Kevin%20Powell,https://www.youtube.com/results?search_query=TypeScript%20TypeScript%20with%20React%3A%20Props%2C%20State%2C%20Events%20Web%20Dev%20Simplified,https://react.dev/learn/typescript,50,Explaining TypeScript with React,
TRK-001,L0140,LVL-003,FE-T06,frontend,TypeScript,TypeScript with React: Hooks & Context,advanced,tutorial,https://youtu.be/FJDVKeh7RJI,https://www.youtube.com/results?search_query=TypeScript%20TypeScript%20with%20React%3A%20Hooks%20%26%20Context%20Kevin%20Powell,https://www.youtube.com/results?search_query=TypeScript%20TypeScript%20with%20React%3A%20Hooks%20%26%20Context%20Web%20Dev%20Simplified,,45,Explaining TypeScript hooks and context,
TRK-001,L0141,LVL-003,FE-T06,frontend,TypeScript,Project: Todo App with TypeScript + React,advanced,tutorial_and_project,https://youtu.be/jrLpGnMbOSk,https://www.youtube.com/results?search_query=TypeScript%20Project%3A%20Todo%20App%20with%20TypeScript%20%2B%20React%20Kevin%20Powell,https://www.youtube.com/results?search_query=TypeScript%20Project%3A%20Todo%20App%20with%20TypeScript%20%2B%20React%20Web%20Dev%20Simplified,,90,TypeScript React todo project,
TRK-001,L0142,LVL-003,FE-T06,frontend,TypeScript,Article: Official TypeScript Handbook,advanced,article,,https://www.youtube.com/results?search_query=TypeScript%20Article%3A%20Official%20TypeScript%20Handbook%20Kevin%20Powell,https://www.youtube.com/results?search_query=TypeScript%20Article%3A%20Official%20TypeScript%20Handbook%20Web%20Dev%20Simplified,https://www.typescriptlang.org/docs/handbook,0,Official TypeScript handbook,
TRK-001,L0143,LVL-003,FE-T05,frontend,React,Context API: Creating and Using Context,advanced,tutorial,https://youtu.be/5LrDIWkK_Bc,https://www.youtube.com/results?search_query=React%20Context%20API%3A%20Creating%20and%20Using%20Context%20Kevin%20Powell,https://www.youtube.com/results?search_query=React%20Context%20API%3A%20Creating%20and%20Using%20Context%20Web%20Dev%20Simplified,https://react.dev/learn/passing-data-deeply-with-context,50,Explaining Context API,
TRK-001,L0144,LVL-003,FE-T05,frontend,React,Context API: with useReducer,advanced,tutorial,https://youtu.be/kK_Wqx3RnHk,https://www.youtube.com/results?search_query=React%20Context%20API%3A%20with%20useReducer%20Kevin%20Powell,https://www.youtube.com/results?search_query=React%20Context%20API%3A%20with%20useReducer%20Web%20Dev%20Simplified,https://react.dev/learn/scaling-up-with-reducer-and-context,45,Explaining Context with useReducer,
TRK-001,L0145,LVL-003,FE-T05,frontend,React,Redux Toolkit: Store Slices Actions,advanced,tutorial,https://youtu.be/bbkBuqC1rU4,https://www.youtube.com/results?search_query=React%20Redux%20Toolkit%3A%20Store%20Slices%20Actions%20Kevin%20Powell,https://www.youtube.com/results?search_query=React%20Redux%20Toolkit%3A%20Store%20Slices%20Actions%20Web%20Dev%20Simplified,https://redux-toolkit.js.org/introduction/getting-started,70,Explaining Redux Toolkit,
TRK-001,L0146,LVL-003,FE-T05,frontend,React,Redux Toolkit: Thunk & Async Actions,advanced,tutorial,https://youtu.be/93CR_yURoII,https://www.youtube.com/results?search_query=React%20Redux%20Toolkit%3A%20Thunk%20%26%20Async%20Actions%20Kevin%20Powell,https://www.youtube.com/results?search_query=React%20Redux%20Toolkit%3A%20Thunk%20%26%20Async%20Actions%20Web%20Dev%20Simplified,https://redux-toolkit.js.org/api/createAsyncThunk,55,Explaining Redux async actions,
TRK-001,L0147,LVL-003,FE-T05,frontend,React,Zustand: Simpler State Management,advanced,tutorial,https://youtu.be/KCr-UNsM3vA,https://www.youtube.com/results?search_query=React%20Zustand%3A%20Simpler%20State%20Management%20Kevin%20Powell,https://www.youtube.com/results?search_query=React%20Zustand%3A%20Simpler%20State%20Management%20Web%20Dev%20Simplified,https://zustand-demo.pmnd.rs,40,Explaining Zustand state management,
TRK-001,L0148,LVL-003,FE-T05,frontend,React,Custom Hooks: Creating and Organizing,advanced,tutorial,https://youtu.be/6ThXsUwLWvc,https://www.youtube.com/results?search_query=React%20Custom%20Hooks%3A%20Creating%20and%20Organizing%20Kevin%20Powell,https://www.youtube.com/results?search_query=React%20Custom%20Hooks%3A%20Creating%20and%20Organizing%20Web%20Dev%20Simplified,https://react.dev/learn/reusing-logic-with-custom-hooks,50,Explaining custom hooks,
TRK-001,L0149,LVL-003,FE-T05,frontend,React,Performance: React.memo,advanced,tutorial,https://youtu.be/VtWkSCZX0Ec,https://www.youtube.com/results?search_query=React%20Performance%3A%20React.memo%20Kevin%20Powell,https://www.youtube.com/results?search_query=React%20Performance%3A%20React.memo%20Web%20Dev%20Simplified,https://react.dev/reference/react/memo,35,Explaining React.memo,
TRK-001,L0150,LVL-003,FE-T05,frontend,React,Performance: useMemo & useCallback,advanced,tutorial,https://youtu.be/uojLJFt9SzY,https://www.youtube.com/results?search_query=React%20Performance%3A%20useMemo%20%26%20useCallback%20Kevin%20Powell,https://www.youtube.com/results?search_query=React%20Performance%3A%20useMemo%20%26%20useCallback%20Web%20Dev%20Simplified,https://react.dev/reference/react/useMemo,40,Explaining useMemo and useCallback,
TRK-001,L0151,LVL-003,FE-T05,frontend,React,Performance: Code Splitting & Lazy Loading,advanced,tutorial,https://youtu.be/JU6sl_yyZqs,https://www.youtube.com/results?search_query=React%20Performance%3A%20Code%20Splitting%20%26%20Lazy%20Loading%20Kevin%20Powell,https://www.youtube.com/results?search_query=React%20Performance%3A%20Code%20Splitting%20%26%20Lazy%20Loading%20Web%20Dev%20Simplified,https://react.dev/reference/react/lazy,35,Explaining code splitting and lazy loading,
TRK-001,L0152,LVL-003,FE-T05,frontend,React,React Query: Server State Management,advanced,tutorial,https://youtu.be/novnyCaa7To,https://www.youtube.com/results?search_query=React%20React%20Query%3A%20Server%20State%20Management%20Kevin%20Powell,https://www.youtube.com/results?search_query=React%20React%20Query%3A%20Server%20State%20Management%20Web%20Dev%20Simplified,https://tanstack.com/query/latest/docs/framework/react/overview,60,Explaining React Query,
TRK-001,L0153,LVL-003,FE-T05,frontend,React,React Hook Form: Managing Forms,advanced,tutorial,https://youtu.be/bU_eq8qyjic,https://www.youtube.com/results?search_query=React%20React%20Hook%20Form%3A%20Managing%20Forms%20Kevin%20Powell,https://www.youtube.com/results?search_query=React%20React%20Hook%20Form%3A%20Managing%20Forms%20Web%20Dev%20Simplified,https://react-hook-form.com/get-started,45,Explaining React Hook Form,
TRK-001,L0154,LVL-003,FE-T05,frontend,React,Testing with Jest: Unit Tests,advanced,tutorial,https://youtu.be/8Xwq35cPwYg,https://www.youtube.com/results?search_query=React%20Testing%20with%20Jest%3A%20Unit%20Tests%20Kevin%20Powell,https://www.youtube.com/results?search_query=React%20Testing%20with%20Jest%3A%20Unit%20Tests%20Web%20Dev%20Simplified,https://jestjs.io/docs/getting-started,50,Explaining unit testing with Jest,
TRK-001,L0155,LVL-003,FE-T05,frontend,React,Testing with React Testing Library,advanced,tutorial,https://youtu.be/ZmVBCpefQe8,https://www.youtube.com/results?search_query=React%20Testing%20with%20React%20Testing%20Library%20Kevin%20Powell,https://www.youtube.com/results?search_query=React%20Testing%20with%20React%20Testing%20Library%20Web%20Dev%20Simplified,https://testing-library.com/docs/react-testing-library/intro,55,Explaining React Testing Library,
TRK-001,L0156,LVL-003,FE-T05,frontend,React,Project: E-Commerce App with Redux Toolkit,advanced,tutorial_and_project,https://youtu.be/HptuMAUaNGk,https://www.youtube.com/results?search_query=React%20Project%3A%20E-Commerce%20App%20with%20Redux%20Toolkit%20Kevin%20Powell,https://www.youtube.com/results?search_query=React%20Project%3A%20E-Commerce%20App%20with%20Redux%20Toolkit%20Web%20Dev%20Simplified,,150,E-commerce app with Redux project,
TRK-001,L0157,LVL-003,FE-T05,frontend,React,Project: Chat App with React Query,advanced,tutorial_and_project,https://youtu.be/hNPwSnobCNE,https://www.youtube.com/results?search_query=React%20Project%3A%20Chat%20App%20with%20React%20Query%20Kevin%20Powell,https://www.youtube.com/results?search_query=React%20Project%3A%20Chat%20App%20with%20React%20Query%20Web%20Dev%20Simplified,,120,Real-time chat app project,
TRK-001,L0158,LVL-003,FE-T05,frontend,React,Article: React Official Docs - Reference,advanced,article,,https://www.youtube.com/results?search_query=React%20Article%3A%20React%20Official%20Docs%20-%20Reference%20Kevin%20Powell,https://www.youtube.com/results?search_query=React%20Article%3A%20React%20Official%20Docs%20-%20Reference%20Web%20Dev%20Simplified,https://react.dev/reference/react,0,Official React reference docs,
TRK-001,L0159,LVL-003,FE-T07,frontend,NextJS,Next.js: What Is It and Why We Use It,advanced,tutorial,https://youtu.be/mTz0GXj8NN0,https://www.youtube.com/results?search_query=NextJS%20Next.js%3A%20What%20Is%20It%20and%20Why%20We%20Use%20It%20Kevin%20Powell,https://www.youtube.com/results?search_query=NextJS%20Next.js%3A%20What%20Is%20It%20and%20Why%20We%20Use%20It%20Web%20Dev%20Simplified,https://nextjs.org/docs,40,Introduction to Next.js,
TRK-001,L0160,LVL-003,FE-T07,frontend,NextJS,Next.js: App Router vs Pages Router,advanced,tutorial,https://youtu.be/wm5gMKuwSYk,https://www.youtube.com/results?search_query=NextJS%20Next.js%3A%20App%20Router%20vs%20Pages%20Router%20Kevin%20Powell,https://www.youtube.com/results?search_query=NextJS%20Next.js%3A%20App%20Router%20vs%20Pages%20Router%20Web%20Dev%20Simplified,https://nextjs.org/docs/app,35,Explaining App Router vs Pages Router,
TRK-001,L0161,LVL-003,FE-T07,frontend,NextJS,Next.js: File-based Routing,advanced,tutorial,https://youtu.be/9P8mASSREYM,https://www.youtube.com/results?search_query=NextJS%20Next.js%3A%20File-based%20Routing%20Kevin%20Powell,https://www.youtube.com/results?search_query=NextJS%20Next.js%3A%20File-based%20Routing%20Web%20Dev%20Simplified,https://nextjs.org/docs/app/building-your-application/routing,40,Explaining file-based routing,
TRK-001,L0162,LVL-003,FE-T07,frontend,NextJS,Next.js: Layouts & Templates,advanced,tutorial,https://youtu.be/9P8mASSREYM,https://www.youtube.com/results?search_query=NextJS%20Next.js%3A%20Layouts%20%26%20Templates%20Kevin%20Powell,https://www.youtube.com/results?search_query=NextJS%20Next.js%3A%20Layouts%20%26%20Templates%20Web%20Dev%20Simplified,https://nextjs.org/docs/app/building-your-application/routing/layouts-and-templates,35,Explaining layouts and templates,
TRK-001,L0163,LVL-003,FE-T07,frontend,NextJS,Next.js: Server Components vs Client Components,advanced,tutorial,https://youtu.be/d2yNsZd5PMs,https://www.youtube.com/results?search_query=NextJS%20Next.js%3A%20Server%20Components%20vs%20Client%20Components%20Kevin%20Powell,https://www.youtube.com/results?search_query=NextJS%20Next.js%3A%20Server%20Components%20vs%20Client%20Components%20Web%20Dev%20Simplified,https://nextjs.org/docs/app/building-your-application/rendering,50,Explaining Server vs Client components,
TRK-001,L0164,LVL-003,FE-T07,frontend,NextJS,Next.js: Data Fetching in Server Components,advanced,tutorial,https://youtu.be/EzIZfJoHWfU,https://www.youtube.com/results?search_query=NextJS%20Next.js%3A%20Data%20Fetching%20in%20Server%20Components%20Kevin%20Powell,https://www.youtube.com/results?search_query=NextJS%20Next.js%3A%20Data%20Fetching%20in%20Server%20Components%20Web%20Dev%20Simplified,https://nextjs.org/docs/app/building-your-application/data-fetching,55,Explaining data fetching strategies,
TRK-001,L0165,LVL-003,FE-T07,frontend,NextJS,Next.js: Static Generation (SSG) & ISR,advanced,tutorial,https://youtu.be/EzIZfJoHWfU,https://www.youtube.com/results?search_query=NextJS%20Next.js%3A%20Static%20Generation%20%28SSG%29%20%26%20ISR%20Kevin%20Powell,https://www.youtube.com/results?search_query=NextJS%20Next.js%3A%20Static%20Generation%20%28SSG%29%20%26%20ISR%20Web%20Dev%20Simplified,,45,Explaining static generation and ISR,
TRK-001,L0166,LVL-003,FE-T07,frontend,NextJS,Next.js: API Routes & Route Handlers,advanced,tutorial,https://youtu.be/Fnwrp9b5HzY,https://www.youtube.com/results?search_query=NextJS%20Next.js%3A%20API%20Routes%20%26%20Route%20Handlers%20Kevin%20Powell,https://www.youtube.com/results?search_query=NextJS%20Next.js%3A%20API%20Routes%20%26%20Route%20Handlers%20Web%20Dev%20Simplified,https://nextjs.org/docs/app/building-your-application/routing/route-handlers,50,Explaining API routes and route handlers,
TRK-001,L0167,LVL-003,FE-T07,frontend,NextJS,Next.js: Middleware,advanced,tutorial,https://youtu.be/GpNRXzGBiuA,https://www.youtube.com/results?search_query=NextJS%20Next.js%3A%20Middleware%20Kevin%20Powell,https://www.youtube.com/results?search_query=NextJS%20Next.js%3A%20Middleware%20Web%20Dev%20Simplified,https://nextjs.org/docs/app/building-your-application/routing/middleware,35,Explaining Next.js middleware,
TRK-001,L0168,LVL-003,FE-T07,frontend,NextJS,Next.js: Authentication with NextAuth.js,advanced,tutorial,https://youtu.be/w2h54xz6Ndw,https://www.youtube.com/results?search_query=NextJS%20Next.js%3A%20Authentication%20with%20NextAuth.js%20Kevin%20Powell,https://www.youtube.com/results?search_query=NextJS%20Next.js%3A%20Authentication%20with%20NextAuth.js%20Web%20Dev%20Simplified,https://next-auth.js.org,70,Explaining authentication with NextAuth,
TRK-001,L0169,LVL-003,FE-T07,frontend,NextJS,Next.js: Prisma & Database Integration,advanced,tutorial,https://youtu.be/RebA5J-rlwg,https://www.youtube.com/results?search_query=NextJS%20Next.js%3A%20Prisma%20%26%20Database%20Integration%20Kevin%20Powell,https://www.youtube.com/results?search_query=NextJS%20Next.js%3A%20Prisma%20%26%20Database%20Integration%20Web%20Dev%20Simplified,https://www.prisma.io/docs/getting-started,65,Explaining Prisma ORM and database,
TRK-001,L0170,LVL-003,FE-T07,frontend,NextJS,Next.js: Image Optimization,advanced,tutorial,https://youtu.be/a8aBOFpjqBg,https://www.youtube.com/results?search_query=NextJS%20Next.js%3A%20Image%20Optimization%20Kevin%20Powell,https://www.youtube.com/results?search_query=NextJS%20Next.js%3A%20Image%20Optimization%20Web%20Dev%20Simplified,https://nextjs.org/docs/app/building-your-application/optimizing/images,30,Explaining image optimization techniques,
TRK-001,L0171,LVL-003,FE-T07,frontend,NextJS,Next.js: SEO & Metadata,advanced,tutorial,https://youtu.be/a8aBOFpjqBg,https://www.youtube.com/results?search_query=NextJS%20Next.js%3A%20SEO%20%26%20Metadata%20Kevin%20Powell,https://www.youtube.com/results?search_query=NextJS%20Next.js%3A%20SEO%20%26%20Metadata%20Web%20Dev%20Simplified,https://nextjs.org/docs/app/building-your-application/optimizing/metadata,30,Explaining SEO and metadata,
TRK-001,L0172,LVL-003,FE-T07,frontend,NextJS,Next.js: Deployment on Vercel,advanced,tutorial,https://youtu.be/2HBIzEx6IZA,https://www.youtube.com/results?search_query=NextJS%20Next.js%3A%20Deployment%20on%20Vercel%20Kevin%20Powell,https://www.youtube.com/results?search_query=NextJS%20Next.js%3A%20Deployment%20on%20Vercel%20Web%20Dev%20Simplified,https://nextjs.org/docs/app/building-your-application/deploying,30,Explaining deployment to Vercel,
TRK-001,L0173,LVL-003,FE-T07,frontend,NextJS,Project: Full-Stack Blog with Next.js + Prisma + Auth,advanced,full_project,https://youtu.be/O5cmLDVTgAs,https://www.youtube.com/results?search_query=NextJS%20Project%3A%20Full-Stack%20Blog%20with%20Next.js%20%2B%20Prisma%20%2B%20Auth%20Kevin%20Powell,https://www.youtube.com/results?search_query=NextJS%20Project%3A%20Full-Stack%20Blog%20with%20Next.js%20%2B%20Prisma%20%2B%20Auth%20Web%20Dev%20Simplified,,200,Full-stack blog project,
TRK-001,L0174,LVL-003,FE-T07,frontend,NextJS,Article: Next.js Official Docs,advanced,article,,https://www.youtube.com/results?search_query=NextJS%20Article%3A%20Next.js%20Official%20Docs%20Kevin%20Powell,https://www.youtube.com/results?search_query=NextJS%20Article%3A%20Next.js%20Official%20Docs%20Web%20Dev%20Simplified,https://nextjs.org/docs,0,Official Python tutorial,
TRK-001,L0175,LVL-003,FE-T09,frontend,Performance,Web Vitals: LCP FID CLS INP,advanced,tutorial,https://youtu.be/AQqFZ5t8uNc,https://www.youtube.com/results?search_query=Performance%20Web%20Vitals%3A%20LCP%20FID%20CLS%20INP%20Kevin%20Powell,https://www.youtube.com/results?search_query=Performance%20Web%20Vitals%3A%20LCP%20FID%20CLS%20INP%20Web%20Dev%20Simplified,https://web.dev/vitals,40,Explaining Core Web Vitals,
TRK-001,L0176,LVL-003,FE-T09,frontend,Performance,Lighthouse & DevTools Performance Profiling,advanced,tutorial,https://youtu.be/5fLW5Q5ODiE,https://www.youtube.com/results?search_query=Performance%20Lighthouse%20%26%20DevTools%20Performance%20Profiling%20Kevin%20Powell,https://www.youtube.com/results?search_query=Performance%20Lighthouse%20%26%20DevTools%20Performance%20Profiling%20Web%20Dev%20Simplified,https://developer.chrome.com/docs/lighthouse/overview,35,Explaining Lighthouse performance profiling,
TRK-001,L0177,LVL-003,FE-T09,frontend,Performance,Bundle Optimization & Tree Shaking,advanced,tutorial,https://youtu.be/hNPwSnobCNE,https://www.youtube.com/results?search_query=Performance%20Bundle%20Optimization%20%26%20Tree%20Shaking%20Kevin%20Powell,https://www.youtube.com/results?search_query=Performance%20Bundle%20Optimization%20%26%20Tree%20Shaking%20Web%20Dev%20Simplified,https://web.dev/reduce-javascript-payloads-with-tree-shaking,35,Explaining bundle optimization,
TRK-001,L0178,LVL-003,FE-T09,frontend,Performance,Image Optimization Techniques,advanced,tutorial,https://youtu.be/hJ7Rg1821Q0,https://www.youtube.com/results?search_query=Performance%20Image%20Optimization%20Techniques%20Kevin%20Powell,https://www.youtube.com/results?search_query=Performance%20Image%20Optimization%20Techniques%20Web%20Dev%20Simplified,https://web.dev/fast/#optimize-your-images,30,Explaining image optimization techniques,
TRK-001,L0179,LVL-003,FE-T09,frontend,Performance,Caching Strategies: Browser & CDN,advanced,tutorial,https://youtu.be/HiBDVeIlzeo,https://www.youtube.com/results?search_query=Performance%20Caching%20Strategies%3A%20Browser%20%26%20CDN%20Kevin%20Powell,https://www.youtube.com/results?search_query=Performance%20Caching%20Strategies%3A%20Browser%20%26%20CDN%20Web%20Dev%20Simplified,https://web.dev/learn/pwa/caching,35,Explaining caching strategies,
TRK-001,L0180,LVL-003,FE-T09,frontend,Performance,Accessibility: WCAG and ARIA,advanced,tutorial,https://youtu.be/1A6SrPwmGpg,https://www.youtube.com/results?search_query=Performance%20Accessibility%3A%20WCAG%20and%20ARIA%20Kevin%20Powell,https://www.youtube.com/results?search_query=Performance%20Accessibility%3A%20WCAG%20and%20ARIA%20Web%20Dev%20Simplified,https://web.dev/learn/accessibility,45,Explaining web accessibility,
TRK-001,L0181,LVL-003,FE-T09,frontend,Performance,PWA: Progressive Web Apps Introduction,advanced,tutorial,https://youtu.be/WbbAPfDVqfY,https://www.youtube.com/results?search_query=Performance%20PWA%3A%20Progressive%20Web%20Apps%20Introduction%20Kevin%20Powell,https://www.youtube.com/results?search_query=Performance%20PWA%3A%20Progressive%20Web%20Apps%20Introduction%20Web%20Dev%20Simplified,https://web.dev/learn/pwa,50,Explaining Progressive Web Apps,
TRK-001,L0182,LVL-003,FE-T09,frontend,Performance,Article: web.dev Learn Performance,advanced,article,,https://www.youtube.com/results?search_query=Performance%20Article%3A%20web.dev%20Learn%20Performance%20Kevin%20Powell,https://www.youtube.com/results?search_query=Performance%20Article%3A%20web.dev%20Learn%20Performance%20Web%20Dev%20Simplified,https://web.dev/learn/performance,0,Performance course by Google,
TRK-002,L0183,LVL-001,DA-T01,data_analysis,Python,Python: What Is It and Why It's the Most Popular Language in Data Science,beginner,explanation,https://youtu.be/_uQrJ0TkZlc,https://www.youtube.com/results?search_query=Python%20Python%3A%20What%20Is%20It%20and%20Why%20It%27s%20the%20Most%20Popular%20Language%20in%20Data%20Science%20freeCodeCamp,https://www.youtube.com/results?search_query=Python%20Python%3A%20What%20Is%20It%20and%20Why%20It%27s%20the%20Most%20Popular%20Language%20in%20Data%20Science%20Traversy%20Media,https://docs.python.org/3/tutorial,30,Introduction to Python,
TRK-002,L0184,LVL-001,DA-T01,data_analysis,Python,Installing Python and Setting Up VS Code and Jupyter Notebook,beginner,explanation,https://youtu.be/Z1Yd7upQsXY,https://www.youtube.com/results?search_query=Python%20Installing%20Python%20and%20Setting%20Up%20VS%20Code%20and%20Jupyter%20Notebook%20freeCodeCamp,https://www.youtube.com/results?search_query=Python%20Installing%20Python%20and%20Setting%20Up%20VS%20Code%20and%20Jupyter%20Notebook%20Traversy%20Media,https://code.visualstudio.com/docs/python/python-tutorial,30,Explaining Python setup and VS Code,
TRK-002,L0185,LVL-001,DA-T01,data_analysis,Python,Jupyter Notebook: How to Use It,beginner,explanation,https://youtu.be/HW29067qVWk,https://www.youtube.com/results?search_query=Python%20Jupyter%20Notebook%3A%20How%20to%20Use%20It%20freeCodeCamp,https://www.youtube.com/results?search_query=Python%20Jupyter%20Notebook%3A%20How%20to%20Use%20It%20Traversy%20Media,https://jupyter-notebook.readthedocs.io,30,Explaining Jupyter Notebook,
TRK-002,L0186,LVL-001,DA-T01,data_analysis,Python,"Variables and Data Types: int, float, str, bool",beginner,explanation,https://youtu.be/khKv-8q7YmY,https://www.youtube.com/results?search_query=Python%20Variables%20and%20Data%20Types%3A%20int%2C%20float%2C%20str%2C%20bool%20freeCodeCamp,https://www.youtube.com/results?search_query=Python%20Variables%20and%20Data%20Types%3A%20int%2C%20float%2C%20str%2C%20bool%20Traversy%20Media,https://docs.python.org/3/tutorial/introduction.html,50,Explaining variables,
TRK-002,L0187,LVL-001,DA-T01,data_analysis,Python,Strings: Operations and Methods,beginner,explanation,https://youtu.be/k9TUPpGqYTo,https://www.youtube.com/results?search_query=Python%20Strings%3A%20Operations%20and%20Methods%20freeCodeCamp,https://www.youtube.com/results?search_query=Python%20Strings%3A%20Operations%20and%20Methods%20Traversy%20Media,https://docs.python.org/3/library/string.html,50,Explaining Python strings,
TRK-002,L0188,LVL-001,DA-T01,data_analysis,Python,"String Formatting: f-strings, format",beginner,explanation,https://youtu.be/nghuHvKLhJA,https://www.youtube.com/results?search_query=Python%20String%20Formatting%3A%20f-strings%2C%20format%20freeCodeCamp,https://www.youtube.com/results?search_query=Python%20String%20Formatting%3A%20f-strings%2C%20format%20Traversy%20Media,,30,Explaining f-strings and format,
TRK-002,L0189,LVL-001,DA-T01,data_analysis,Python,"Arithmetic Operations: arithmetic, math module",beginner,explanation,https://youtu.be/4N9P4F-BUKA,https://www.youtube.com/results?search_query=Python%20Arithmetic%20Operations%3A%20arithmetic%2C%20math%20module%20freeCodeCamp,https://www.youtube.com/results?search_query=Python%20Arithmetic%20Operations%3A%20arithmetic%2C%20math%20module%20Traversy%20Media,,35,Explaining operators and expressions,
TRK-002,L0190,LVL-001,DA-T01,data_analysis,Python,"Conditions: if, elif, else and Comparisons",beginner,explanation,https://youtu.be/f4KOjWS_KZs,https://www.youtube.com/results?search_query=Python%20Conditions%3A%20if%2C%20elif%2C%20else%20and%20Comparisons%20freeCodeCamp,https://www.youtube.com/results?search_query=Python%20Conditions%3A%20if%2C%20elif%2C%20else%20and%20Comparisons%20Traversy%20Media,https://docs.python.org/3/tutorial/controlflow.html,35,Explaining conditionals,
TRK-002,L0191,LVL-001,DA-T01,data_analysis,Python,Loops: for loop and range,beginner,explanation,https://youtu.be/rkx5_MRAV3A,https://www.youtube.com/results?search_query=Python%20Loops%3A%20for%20loop%20and%20range%20freeCodeCamp,https://www.youtube.com/results?search_query=Python%20Loops%3A%20for%20loop%20and%20range%20Traversy%20Media,,40,Explaining for loop and range,
TRK-002,L0192,LVL-001,DA-T01,data_analysis,Python,Loops: while loop and break/continue,beginner,explanation,https://youtu.be/rkx5_MRAV3A,https://www.youtube.com/results?search_query=Python%20Loops%3A%20while%20loop%20and%20break/continue%20freeCodeCamp,https://www.youtube.com/results?search_query=Python%20Loops%3A%20while%20loop%20and%20break/continue%20Traversy%20Media,,30,Explaining while loop,
TRK-002,L0193,LVL-001,DA-T01,data_analysis,Python,Functions: Definition and Return Values,beginner,explanation,https://youtu.be/9Os0o3wzS_I,https://www.youtube.com/results?search_query=Python%20Functions%3A%20Definition%20and%20Return%20Values%20freeCodeCamp,https://www.youtube.com/results?search_query=Python%20Functions%3A%20Definition%20and%20Return%20Values%20Traversy%20Media,https://docs.python.org/3/tutorial/controlflow.html#defining-functions,50,Explaining Functions,
TRK-002,L0194,LVL-001,DA-T01,data_analysis,Python,Functions: Default Args and kwargs,beginner,explanation,https://youtu.be/9Os0o3wzS_I,https://www.youtube.com/results?search_query=Python%20Functions%3A%20Default%20Args%20and%20kwargs%20freeCodeCamp,https://www.youtube.com/results?search_query=Python%20Functions%3A%20Default%20Args%20and%20kwargs%20Traversy%20Media,,35,Explaining default args and kwargs,
TRK-002,L0195,LVL-001,DA-T01,data_analysis,Python,"Lists: Creation, Operations, and Methods",beginner,explanation,https://youtu.be/W8KRzm-HUcc,https://www.youtube.com/results?search_query=Python%20Lists%3A%20Creation%2C%20Operations%2C%20and%20Methods%20freeCodeCamp,https://www.youtube.com/results?search_query=Python%20Lists%3A%20Creation%2C%20Operations%2C%20and%20Methods%20Traversy%20Media,,50,Explaining Python lists,
TRK-002,L0196,LVL-001,DA-T01,data_analysis,Python,Tuples: Creation and Usage,beginner,explanation,https://youtu.be/aBofH0qMNZc,https://www.youtube.com/results?search_query=Python%20Tuples%3A%20Creation%20and%20Usage%20freeCodeCamp,https://www.youtube.com/results?search_query=Python%20Tuples%3A%20Creation%20and%20Usage%20Traversy%20Media,,30,Explaining tuples,
TRK-002,L0197,LVL-001,DA-T01,data_analysis,Python,Sets: Creation and Operations,beginner,explanation,https://youtu.be/aBofH0qMNZc,https://www.youtube.com/results?search_query=Python%20Sets%3A%20Creation%20and%20Operations%20freeCodeCamp,https://www.youtube.com/results?search_query=Python%20Sets%3A%20Creation%20and%20Operations%20Traversy%20Media,,30,Explaining sets,
TRK-002,L0198,LVL-001,DA-T01,data_analysis,Python,Dictionaries: key-value and Methods,beginner,explanation,https://youtu.be/XCcpzWs-CI4,https://www.youtube.com/results?search_query=Python%20Dictionaries%3A%20key-value%20and%20Methods%20freeCodeCamp,https://www.youtube.com/results?search_query=Python%20Dictionaries%3A%20key-value%20and%20Methods%20Traversy%20Media,,45,Explaining dictionaries,
TRK-002,L0199,LVL-001,DA-T01,data_analysis,Python,List Comprehension & Dict Comprehension,beginner,explanation,https://youtu.be/3dt4OGnU5sM,https://www.youtube.com/results?search_query=Python%20List%20Comprehension%20%26%20Dict%20Comprehension%20freeCodeCamp,https://www.youtube.com/results?search_query=Python%20List%20Comprehension%20%26%20Dict%20Comprehension%20Traversy%20Media,https://docs.python.org/3/tutorial/datastructures.html#list-comprehensions,35,Explaining list and dict comprehensions,
TRK-002,L0200,LVL-001,DA-T01,data_analysis,Python,Article: Official Python Tutorial,beginner,article,,https://www.youtube.com/results?search_query=Python%20Article%3A%20Official%20Python%20Tutorial%20freeCodeCamp,https://www.youtube.com/results?search_query=Python%20Article%3A%20Official%20Python%20Tutorial%20Traversy%20Media,https://docs.python.org/3/tutorial,0,Official Python tutorial,
TRK-002,L0201,LVL-001,DA-T02,data_analysis,Statistics,Statistics: What is Statistics and Its Role in data_analysis,beginner,explanation,https://youtu.be/SzZ6GpcfoQY,https://www.youtube.com/results?search_query=Statistics%20Statistics%3A%20What%20is%20Statistics%20and%20Its%20Role%20in%20Data%20Analysis%20freeCodeCamp,https://www.youtube.com/results?search_query=Statistics%20Statistics%3A%20What%20is%20Statistics%20and%20Its%20Role%20in%20Data%20Analysis%20Traversy%20Media,https://www.khanacademy.org/math/statistics-probability,40,Introduction to statistics,
TRK-002,L0202,LVL-001,DA-T02,data_analysis,Statistics,"Descriptive Statistics: Mean, Median, Mode",beginner,explanation,https://youtu.be/mk8tOD0t8M0,https://www.youtube.com/results?search_query=Statistics%20Descriptive%20Statistics%3A%20Mean%2C%20Median%2C%20Mode%20freeCodeCamp,https://www.youtube.com/results?search_query=Statistics%20Descriptive%20Statistics%3A%20Mean%2C%20Median%2C%20Mode%20Traversy%20Media,,40,"Explaining mean, median, and mode",
TRK-002,L0203,LVL-001,DA-T02,data_analysis,Statistics,"Dispersion: Range, Variance, Standard Deviation",beginner,explanation,https://youtu.be/MRqtXL2WX2M,https://www.youtube.com/results?search_query=Statistics%20Dispersion%3A%20Range%2C%20Variance%2C%20Standard%20Deviation%20freeCodeCamp,https://www.youtube.com/results?search_query=Statistics%20Dispersion%3A%20Range%2C%20Variance%2C%20Standard%20Deviation%20Traversy%20Media,,45,Explaining variance and standard deviation,
TRK-002,L0204,LVL-001,DA-T02,data_analysis,Statistics,Percentiles and IQR,beginner,explanation,https://youtu.be/kn83BA7cRNM,https://www.youtube.com/results?search_query=Statistics%20Percentiles%20and%20IQR%20freeCodeCamp,https://www.youtube.com/results?search_query=Statistics%20Percentiles%20and%20IQR%20Traversy%20Media,,35,Explaining percentiles and IQR,
TRK-002,L0205,LVL-001,DA-T02,data_analysis,Statistics,Normal Distribution,beginner,explanation,https://youtu.be/rzFX5NWojp0,https://www.youtube.com/results?search_query=Statistics%20Normal%20Distribution%20freeCodeCamp,https://www.youtube.com/results?search_query=Statistics%20Normal%20Distribution%20Traversy%20Media,,45,Explaining normal distribution,
TRK-002,L0206,LVL-001,DA-T02,data_analysis,Statistics,Probability Basics,beginner,explanation,https://youtu.be/oI3hZJqXJuc,https://www.youtube.com/results?search_query=Statistics%20Probability%20Basics%20freeCodeCamp,https://www.youtube.com/results?search_query=Statistics%20Probability%20Basics%20Traversy%20Media,,50,Explaining probability basics,
TRK-002,L0207,LVL-001,DA-T02,data_analysis,Statistics,Conditional Probability,beginner,explanation,https://youtu.be/bgCMjHzXTXs,https://www.youtube.com/results?search_query=Statistics%20Conditional%20Probability%20freeCodeCamp,https://www.youtube.com/results?search_query=Statistics%20Conditional%20Probability%20Traversy%20Media,,35,Explaining conditional probability,
TRK-002,L0208,LVL-001,DA-T02,data_analysis,Statistics,Article: Khan Academy - Statistics & Probability,beginner,article,,https://www.youtube.com/results?search_query=Statistics%20Article%3A%20Khan%20Academy%20-%20Statistics%20%26%20Probability%20freeCodeCamp,https://www.youtube.com/results?search_query=Statistics%20Article%3A%20Khan%20Academy%20-%20Statistics%20%26%20Probability%20Traversy%20Media,https://www.khanacademy.org/math/statistics-probability,0,Free statistics course on Khan Academy,
TRK-002,L0209,LVL-001,DA-T03,data_analysis,Pandas,Pandas: What Is It and Installation,beginner,explanation,https://youtu.be/vmEHCJofslg,https://www.youtube.com/results?search_query=Pandas%20Pandas%3A%20What%20Is%20It%20and%20Installation%20freeCodeCamp,https://www.youtube.com/results?search_query=Pandas%20Pandas%3A%20What%20Is%20It%20and%20Installation%20Traversy%20Media,https://pandas.pydata.org/docs/getting_started,40,Introduction to Pandas,
TRK-002,L0210,LVL-001,DA-T03,data_analysis,Pandas,Pandas Series: Creation and Basic Operations,beginner,explanation,https://youtu.be/e2IbNHi4uCI,https://www.youtube.com/results?search_query=Pandas%20Pandas%20Series%3A%20Creation%20and%20Basic%20Operations%20freeCodeCamp,https://www.youtube.com/results?search_query=Pandas%20Pandas%20Series%3A%20Creation%20and%20Basic%20Operations%20Traversy%20Media,https://pandas.pydata.org/docs/reference/api/pandas.Series.html,40,Explaining Pandas Series,
TRK-002,L0211,LVL-001,DA-T03,data_analysis,Pandas,Pandas DataFrame: Creation from dict and list,beginner,explanation,https://youtu.be/dcqPhpY7tWk,https://www.youtube.com/results?search_query=Pandas%20Pandas%20DataFrame%3A%20Creation%20from%20dict%20and%20list%20freeCodeCamp,https://www.youtube.com/results?search_query=Pandas%20Pandas%20DataFrame%3A%20Creation%20from%20dict%20and%20list%20Traversy%20Media,https://pandas.pydata.org/docs/reference/api/pandas.DataFrame.html,45,Explaining Pandas DataFrame,
TRK-002,L0212,LVL-001,DA-T03,data_analysis,Pandas,Reading CSV Files: read_csv,beginner,explanation,https://youtu.be/F6kmIpWj2-k,https://www.youtube.com/results?search_query=Pandas%20Reading%20CSV%20Files%3A%20read_csv%20freeCodeCamp,https://www.youtube.com/results?search_query=Pandas%20Reading%20CSV%20Files%3A%20read_csv%20Traversy%20Media,https://pandas.pydata.org/docs/reference/api/pandas.read_csv.html,35,Explaining read_csv function,
TRK-002,L0213,LVL-001,DA-T03,data_analysis,Pandas,Reading Excel Files: read_excel,beginner,explanation,https://youtu.be/F6kmIpWj2-k,https://www.youtube.com/results?search_query=Pandas%20Reading%20Excel%20Files%3A%20read_excel%20freeCodeCamp,https://www.youtube.com/results?search_query=Pandas%20Reading%20Excel%20Files%3A%20read_excel%20Traversy%20Media,,25,Explaining read_excel function,
TRK-002,L0214,LVL-001,DA-T03,data_analysis,Pandas,"Basic Methods: head, tail, info, describe, shape",beginner,explanation,https://youtu.be/zmdjNSmRXF4,https://www.youtube.com/results?search_query=Pandas%20Basic%20Methods%3A%20head%2C%20tail%2C%20info%2C%20describe%2C%20shape%20freeCodeCamp,https://www.youtube.com/results?search_query=Pandas%20Basic%20Methods%3A%20head%2C%20tail%2C%20info%2C%20describe%2C%20shape%20Traversy%20Media,,35,"Explaining head, tail, info, describe",
TRK-002,L0215,LVL-001,DA-T03,data_analysis,Pandas,Selecting Columns and Rows,beginner,explanation,https://youtu.be/HQ6XO9eT-fc,https://www.youtube.com/results?search_query=Pandas%20Selecting%20Columns%20and%20Rows%20freeCodeCamp,https://www.youtube.com/results?search_query=Pandas%20Selecting%20Columns%20and%20Rows%20Traversy%20Media,,35,Explaining column and row selection,
TRK-002,L0216,LVL-001,DA-T03,data_analysis,Pandas,Selecting with loc and iloc,beginner,explanation,https://youtu.be/HQ6XO9eT-fc,https://www.youtube.com/results?search_query=Pandas%20Selecting%20with%20loc%20and%20iloc%20freeCodeCamp,https://www.youtube.com/results?search_query=Pandas%20Selecting%20with%20loc%20and%20iloc%20Traversy%20Media,https://pandas.pydata.org/docs/user_guide/indexing.html,40,Explaining loc and iloc indexing,
TRK-002,L0217,LVL-001,DA-T03,data_analysis,Pandas,Filtering: Boolean Indexing,beginner,explanation,https://youtu.be/zN2Hua6oII0,https://www.youtube.com/results?search_query=Pandas%20Filtering%3A%20Boolean%20Indexing%20freeCodeCamp,https://www.youtube.com/results?search_query=Pandas%20Filtering%3A%20Boolean%20Indexing%20Traversy%20Media,,35,Explaining boolean indexing,
TRK-002,L0218,LVL-001,DA-T03,data_analysis,Pandas,"Multiple Filtering: &, |, ~ operators",beginner,explanation,https://youtu.be/zN2Hua6oII0,https://www.youtube.com/results?search_query=Pandas%20Multiple%20Filtering%3A%20%26%2C%20%7C%2C%20~%20operators%20freeCodeCamp,https://www.youtube.com/results?search_query=Pandas%20Multiple%20Filtering%3A%20%26%2C%20%7C%2C%20~%20operators%20Traversy%20Media,,30,Explaining multiple filter conditions,
TRK-002,L0219,LVL-001,DA-T03,data_analysis,Pandas,Creating and Modifying Columns,beginner,explanation,https://youtu.be/zmdjNSmRXF4,https://www.youtube.com/results?search_query=Pandas%20Creating%20and%20Modifying%20Columns%20freeCodeCamp,https://www.youtube.com/results?search_query=Pandas%20Creating%20and%20Modifying%20Columns%20Traversy%20Media,,30,Explaining creating and editing columns,
TRK-002,L0220,LVL-001,DA-T03,data_analysis,Pandas,Article: Pandas Getting Started Tutorials,beginner,article,,https://www.youtube.com/results?search_query=Pandas%20Article%3A%20Pandas%20Getting%20Started%20Tutorials%20freeCodeCamp,https://www.youtube.com/results?search_query=Pandas%20Article%3A%20Pandas%20Getting%20Started%20Tutorials%20Traversy%20Media,https://pandas.pydata.org/docs/getting_started/intro_tutorials,0,Official Pandas getting started tutorials,
TRK-002,L0221,LVL-001,DA-T04,data_analysis,Visualization,Matplotlib: What Is It and Installation,beginner,explanation,https://youtu.be/3Xc3CA655Y4,https://www.youtube.com/results?search_query=Visualization%20Matplotlib%3A%20What%20Is%20It%20and%20Installation%20freeCodeCamp,https://www.youtube.com/results?search_query=Visualization%20Matplotlib%3A%20What%20Is%20It%20and%20Installation%20Traversy%20Media,https://matplotlib.org/stable/tutorials,30,Introduction to Matplotlib,
TRK-002,L0222,LVL-001,DA-T04,data_analysis,Visualization,Matplotlib: Line Chart,beginner,explanation,https://youtu.be/3Xc3CA655Y4,https://www.youtube.com/results?search_query=Visualization%20Matplotlib%3A%20Line%20Chart%20freeCodeCamp,https://www.youtube.com/results?search_query=Visualization%20Matplotlib%3A%20Line%20Chart%20Traversy%20Media,,35,Explaining line charts,
TRK-002,L0223,LVL-001,DA-T04,data_analysis,Visualization,Matplotlib: Bar Chart & Horizontal Bar,beginner,explanation,https://youtu.be/DAQNHzOcqMo,https://www.youtube.com/results?search_query=Visualization%20Matplotlib%3A%20Bar%20Chart%20%26%20Horizontal%20Bar%20freeCodeCamp,https://www.youtube.com/results?search_query=Visualization%20Matplotlib%3A%20Bar%20Chart%20%26%20Horizontal%20Bar%20Traversy%20Media,,30,Explaining bar charts,
TRK-002,L0224,LVL-001,DA-T04,data_analysis,Visualization,Matplotlib: Scatter Plot,beginner,explanation,https://youtu.be/zZZ_RMp3erE,https://www.youtube.com/results?search_query=Visualization%20Matplotlib%3A%20Scatter%20Plot%20freeCodeCamp,https://www.youtube.com/results?search_query=Visualization%20Matplotlib%3A%20Scatter%20Plot%20Traversy%20Media,,25,Explaining scatter plots,
TRK-002,L0225,LVL-001,DA-T04,data_analysis,Visualization,"Matplotlib: Customizing Plots: titles, colors, axes",beginner,explanation,https://youtu.be/UO98lJQ3QGI,https://www.youtube.com/results?search_query=Visualization%20Matplotlib%3A%20Customizing%20Plots%3A%20titles%2C%20colors%2C%20axes%20freeCodeCamp,https://www.youtube.com/results?search_query=Visualization%20Matplotlib%3A%20Customizing%20Plots%3A%20titles%2C%20colors%2C%20axes%20Traversy%20Media,,35,Explaining plot customization,
TRK-002,L0226,LVL-001,DA-T04,data_analysis,Visualization,Matplotlib: Subplots: Multiple Plots,beginner,explanation,https://youtu.be/XFZRVnP-MTU,https://www.youtube.com/results?search_query=Visualization%20Matplotlib%3A%20Subplots%3A%20Multiple%20Plots%20freeCodeCamp,https://www.youtube.com/results?search_query=Visualization%20Matplotlib%3A%20Subplots%3A%20Multiple%20Plots%20Traversy%20Media,,35,Explaining multiple subplots,
TRK-002,L0227,LVL-001,DA-T04,data_analysis,Visualization,Seaborn: Introduction and Distribution Plots,beginner,explanation,https://youtu.be/6GUZXDef2U0,https://www.youtube.com/results?search_query=Visualization%20Seaborn%3A%20Introduction%20and%20Distribution%20Plots%20freeCodeCamp,https://www.youtube.com/results?search_query=Visualization%20Seaborn%3A%20Introduction%20and%20Distribution%20Plots%20Traversy%20Media,https://seaborn.pydata.org/tutorial/distributions.html,45,Introduction to Seaborn,
TRK-002,L0228,LVL-001,DA-T04,data_analysis,Visualization,Article: Matplotlib Official Tutorials,beginner,article,,https://www.youtube.com/results?search_query=Visualization%20Article%3A%20Matplotlib%20Official%20Tutorials%20freeCodeCamp,https://www.youtube.com/results?search_query=Visualization%20Article%3A%20Matplotlib%20Official%20Tutorials%20Traversy%20Media,https://matplotlib.org/stable/tutorials,0,Official Matplotlib tutorials,
TRK-002,L0229,LVL-001,DA-T05,data_analysis,SQL,SQL: What Is It and What are Databases,beginner,explanation,https://youtu.be/HXV3zeQKqGY,https://www.youtube.com/results?search_query=SQL%20SQL%3A%20What%20Is%20It%20and%20What%20are%20Databases%20freeCodeCamp,https://www.youtube.com/results?search_query=SQL%20SQL%3A%20What%20Is%20It%20and%20What%20are%20Databases%20Traversy%20Media,https://www.sqltutorial.org,40,Introduction to SQL,
TRK-002,L0230,LVL-001,DA-T05,data_analysis,SQL,Installing SQLite and Setting Up DB Browser,beginner,explanation,https://youtu.be/HXV3zeQKqGY,https://www.youtube.com/results?search_query=SQL%20Installing%20SQLite%20and%20Setting%20Up%20DB%20Browser%20freeCodeCamp,https://www.youtube.com/results?search_query=SQL%20Installing%20SQLite%20and%20Setting%20Up%20DB%20Browser%20Traversy%20Media,,25,Explaining SQLite installation,
TRK-002,L0231,LVL-001,DA-T05,data_analysis,SQL,SQL: CREATE TABLE and Data Types,beginner,explanation,https://youtu.be/7S_tz1z_5bA,https://www.youtube.com/results?search_query=SQL%20SQL%3A%20CREATE%20TABLE%20and%20Data%20Types%20freeCodeCamp,https://www.youtube.com/results?search_query=SQL%20SQL%3A%20CREATE%20TABLE%20and%20Data%20Types%20Traversy%20Media,https://www.sqltutorial.org/sql-create-table,40,Explaining CREATE TABLE syntax,
TRK-002,L0232,LVL-001,DA-T05,data_analysis,SQL,SQL: INSERT INTO,beginner,explanation,https://youtu.be/2nW6-tVDPR4,https://www.youtube.com/results?search_query=SQL%20SQL%3A%20INSERT%20INTO%20freeCodeCamp,https://www.youtube.com/results?search_query=SQL%20SQL%3A%20INSERT%20INTO%20Traversy%20Media,https://www.sqltutorial.org/sql-insert,30,Explaining INSERT INTO,
TRK-002,L0233,LVL-001,DA-T05,data_analysis,SQL,SQL: SELECT and FROM,beginner,explanation,https://youtu.be/p3qvj9hO_Bo,https://www.youtube.com/results?search_query=SQL%20SQL%3A%20SELECT%20and%20FROM%20freeCodeCamp,https://www.youtube.com/results?search_query=SQL%20SQL%3A%20SELECT%20and%20FROM%20Traversy%20Media,https://www.sqltutorial.org/sql-select,35,Explaining SELECT statement,
TRK-002,L0234,LVL-001,DA-T05,data_analysis,SQL,SQL: WHERE and Comparison Operators,beginner,explanation,https://youtu.be/7S_tz1z_5bA,https://www.youtube.com/results?search_query=SQL%20SQL%3A%20WHERE%20and%20Comparison%20Operators%20freeCodeCamp,https://www.youtube.com/results?search_query=SQL%20SQL%3A%20WHERE%20and%20Comparison%20Operators%20Traversy%20Media,https://www.sqltutorial.org/sql-where,35,Explaining WHERE clause,
TRK-002,L0235,LVL-001,DA-T05,data_analysis,SQL,SQL: AND OR NOT,beginner,explanation,https://youtu.be/7S_tz1z_5bA,https://www.youtube.com/results?search_query=SQL%20SQL%3A%20AND%20OR%20NOT%20freeCodeCamp,https://www.youtube.com/results?search_query=SQL%20SQL%3A%20AND%20OR%20NOT%20Traversy%20Media,,25,"Explaining AND, OR, NOT in SQL",
TRK-002,L0236,LVL-001,DA-T05,data_analysis,SQL,SQL: ORDER BY and LIMIT,beginner,explanation,https://youtu.be/p3qvj9hO_Bo,https://www.youtube.com/results?search_query=SQL%20SQL%3A%20ORDER%20BY%20and%20LIMIT%20freeCodeCamp,https://www.youtube.com/results?search_query=SQL%20SQL%3A%20ORDER%20BY%20and%20LIMIT%20Traversy%20Media,,25,Explaining ORDER BY and LIMIT,
TRK-002,L0237,LVL-001,DA-T05,data_analysis,SQL,SQL: UPDATE and DELETE,beginner,explanation,https://youtu.be/2nW6-tVDPR4,https://www.youtube.com/results?search_query=SQL%20SQL%3A%20UPDATE%20and%20DELETE%20freeCodeCamp,https://www.youtube.com/results?search_query=SQL%20SQL%3A%20UPDATE%20and%20DELETE%20Traversy%20Media,,30,Explaining UPDATE and DELETE,
TRK-002,L0238,LVL-001,DA-T05,data_analysis,SQL,SQL: INNER JOIN,beginner,explanation,https://youtu.be/2HVMiPPuPIM,https://www.youtube.com/results?search_query=SQL%20SQL%3A%20INNER%20JOIN%20freeCodeCamp,https://www.youtube.com/results?search_query=SQL%20SQL%3A%20INNER%20JOIN%20Traversy%20Media,https://www.sqltutorial.org/sql-inner-join,40,Explaining INNER JOIN,
TRK-002,L0239,LVL-001,DA-T05,data_analysis,SQL,SQL: LEFT JOIN & RIGHT JOIN,beginner,explanation,https://youtu.be/2HVMiPPuPIM,https://www.youtube.com/results?search_query=SQL%20SQL%3A%20LEFT%20JOIN%20%26%20RIGHT%20JOIN%20freeCodeCamp,https://www.youtube.com/results?search_query=SQL%20SQL%3A%20LEFT%20JOIN%20%26%20RIGHT%20JOIN%20Traversy%20Media,,35,Explaining LEFT and RIGHT JOIN,
TRK-002,L0240,LVL-001,DA-T05,data_analysis,SQL,Article: Complete SQLTutorial.org,beginner,article,,https://www.youtube.com/results?search_query=SQL%20Article%3A%20Complete%20SQLTutorial.org%20freeCodeCamp,https://www.youtube.com/results?search_query=SQL%20Article%3A%20Complete%20SQLTutorial.org%20Traversy%20Media,https://www.sqltutorial.org,0,Best free SQL reference,
TRK-002,L0241,LVL-002,DA-T01,data_analysis,Python,Python: File Handling - Reading and Writing Files,intermediate,explanation,https://youtu.be/aequTxAvQq4,https://www.youtube.com/results?search_query=Python%20Python%3A%20File%20Handling%20-%20Reading%20and%20Writing%20Files%20freeCodeCamp,https://www.youtube.com/results?search_query=Python%20Python%3A%20File%20Handling%20-%20Reading%20and%20Writing%20Files%20Traversy%20Media,https://docs.python.org/3/tutorial/inputoutput.html,40,Explaining file handling in Python,
TRK-002,L0242,LVL-002,DA-T01,data_analysis,Python,Python: Error Handling - try except finally,intermediate,explanation,https://youtu.be/NIq3qLaHCIs,https://www.youtube.com/results?search_query=Python%20Python%3A%20Error%20Handling%20-%20try%20except%20finally%20freeCodeCamp,https://www.youtube.com/results?search_query=Python%20Python%3A%20Error%20Handling%20-%20try%20except%20finally%20Traversy%20Media,https://docs.python.org/3/tutorial/errors.html,35,Explaining error handling,
TRK-002,L0243,LVL-002,DA-T01,data_analysis,Python,Python: OOP - Classes and Objects,intermediate,explanation,https://youtu.be/JeznW_7DlB0,https://www.youtube.com/results?search_query=Python%20Python%3A%20OOP%20-%20Classes%20and%20Objects%20freeCodeCamp,https://www.youtube.com/results?search_query=Python%20Python%3A%20OOP%20-%20Classes%20and%20Objects%20Traversy%20Media,https://docs.python.org/3/tutorial/classes.html,55,Explaining object-oriented programming,
TRK-002,L0244,LVL-002,DA-T01,data_analysis,Python,Python: OOP - Inheritance and Encapsulation,intermediate,explanation,https://youtu.be/Ej_02ICOIgs,https://www.youtube.com/results?search_query=Python%20Python%3A%20OOP%20-%20Inheritance%20and%20Encapsulation%20freeCodeCamp,https://www.youtube.com/results?search_query=Python%20Python%3A%20OOP%20-%20Inheritance%20and%20Encapsulation%20Traversy%20Media,,45,Explaining advanced OOP concepts,
TRK-002,L0245,LVL-002,DA-T01,data_analysis,Python,Python: Regular Expressions for Data,intermediate,explanation,https://youtu.be/K8L6KVGG-7o,https://www.youtube.com/results?search_query=Python%20Python%3A%20Regular%20Expressions%20for%20Data%20freeCodeCamp,https://www.youtube.com/results?search_query=Python%20Python%3A%20Regular%20Expressions%20for%20Data%20Traversy%20Media,https://docs.python.org/3/howto/regex.html,45,Explaining regular expressions,
TRK-002,L0246,LVL-002,DA-T01,data_analysis,Python,NumPy: Arrays and Operations,intermediate,explanation,https://youtu.be/QUT1VHiLmmI,https://www.youtube.com/results?search_query=Python%20NumPy%3A%20Arrays%20and%20Operations%20freeCodeCamp,https://www.youtube.com/results?search_query=Python%20NumPy%3A%20Arrays%20and%20Operations%20Traversy%20Media,https://numpy.org/doc/stable/user/quickstart.html,70,Explaining NumPy arrays and operations,
TRK-002,L0247,LVL-002,DA-T01,data_analysis,Python,NumPy: Array Slicing and Indexing,intermediate,explanation,https://youtu.be/QUT1VHiLmmI,https://www.youtube.com/results?search_query=Python%20NumPy%3A%20Array%20Slicing%20and%20Indexing%20freeCodeCamp,https://www.youtube.com/results?search_query=Python%20NumPy%3A%20Array%20Slicing%20and%20Indexing%20Traversy%20Media,,40,Explaining NumPy array indexing,
TRK-002,L0248,LVL-002,DA-T01,data_analysis,Python,Project: Automated Report Generator with Python,intermediate,project,https://youtu.be/r-uOLxNrNk8,https://www.youtube.com/results?search_query=Python%20Project%3A%20Automated%20Report%20Generator%20with%20Python%20freeCodeCamp,https://www.youtube.com/results?search_query=Python%20Project%3A%20Automated%20Report%20Generator%20with%20Python%20Traversy%20Media,,80,Automated report generator project,
TRK-002,L0249,LVL-002,DA-T03,data_analysis,Pandas,"Pandas: Handling Missing Values - isna, dropna, fillna",intermediate,explanation,https://youtu.be/ZOX18HfLHGQ,https://www.youtube.com/results?search_query=Pandas%20Pandas%3A%20Handling%20Missing%20Values%20-%20isna%2C%20dropna%2C%20fillna%20freeCodeCamp,https://www.youtube.com/results?search_query=Pandas%20Pandas%3A%20Handling%20Missing%20Values%20-%20isna%2C%20dropna%2C%20fillna%20Traversy%20Media,https://pandas.pydata.org/docs/user_guide/missing_data.html,45,Explaining missing value handling,
TRK-002,L0250,LVL-002,DA-T03,data_analysis,Pandas,Pandas: Data Types and astype,intermediate,explanation,https://youtu.be/iYie42M1ZyU,https://www.youtube.com/results?search_query=Pandas%20Pandas%3A%20Data%20Types%20and%20astype%20freeCodeCamp,https://www.youtube.com/results?search_query=Pandas%20Pandas%3A%20Data%20Types%20and%20astype%20Traversy%20Media,,35,Explaining data types and astype,
TRK-002,L0251,LVL-002,DA-T03,data_analysis,Pandas,Pandas: Duplicates - duplicated drop_duplicates,intermediate,explanation,https://youtu.be/iYie42M1ZyU,https://www.youtube.com/results?search_query=Pandas%20Pandas%3A%20Duplicates%20-%20duplicated%20drop_duplicates%20freeCodeCamp,https://www.youtube.com/results?search_query=Pandas%20Pandas%3A%20Duplicates%20-%20duplicated%20drop_duplicates%20Traversy%20Media,,30,Explaining duplicate detection and removal,
TRK-002,L0252,LVL-002,DA-T03,data_analysis,Pandas,Pandas: String Operations - str accessor,intermediate,explanation,https://youtu.be/bofaC0IckHo,https://www.youtube.com/results?search_query=Pandas%20Pandas%3A%20String%20Operations%20-%20str%20accessor%20freeCodeCamp,https://www.youtube.com/results?search_query=Pandas%20Pandas%3A%20String%20Operations%20-%20str%20accessor%20Traversy%20Media,https://pandas.pydata.org/docs/user_guide/text.html,40,Explaining Pandas string operations,
TRK-002,L0253,LVL-002,DA-T03,data_analysis,Pandas,Pandas: Apply and Lambda Functions,intermediate,explanation,https://youtu.be/P_q0tkYqvSk,https://www.youtube.com/results?search_query=Pandas%20Pandas%3A%20Apply%20and%20Lambda%20Functions%20freeCodeCamp,https://www.youtube.com/results?search_query=Pandas%20Pandas%3A%20Apply%20and%20Lambda%20Functions%20Traversy%20Media,https://pandas.pydata.org/docs/reference/api/pandas.DataFrame.apply.html,40,Explaining apply and lambda functions,
TRK-002,L0254,LVL-002,DA-T03,data_analysis,Pandas,Pandas: GroupBy - Grouping Data,intermediate,explanation,https://youtu.be/txMdrV1Ut64,https://www.youtube.com/results?search_query=Pandas%20Pandas%3A%20GroupBy%20-%20Grouping%20Data%20freeCodeCamp,https://www.youtube.com/results?search_query=Pandas%20Pandas%3A%20GroupBy%20-%20Grouping%20Data%20Traversy%20Media,https://pandas.pydata.org/docs/user_guide/groupby.html,50,Explaining GroupBy,
TRK-002,L0255,LVL-002,DA-T03,data_analysis,Pandas,Pandas: Aggregation - agg with GroupBy,intermediate,explanation,https://youtu.be/txMdrV1Ut64,https://www.youtube.com/results?search_query=Pandas%20Pandas%3A%20Aggregation%20-%20agg%20with%20GroupBy%20freeCodeCamp,https://www.youtube.com/results?search_query=Pandas%20Pandas%3A%20Aggregation%20-%20agg%20with%20GroupBy%20Traversy%20Media,,35,Explaining aggregation with GroupBy,
TRK-002,L0256,LVL-002,DA-T03,data_analysis,Pandas,Pandas: Merge - How to Combine DataFrames,intermediate,explanation,https://youtu.be/s4QjeAob6TU,https://www.youtube.com/results?search_query=Pandas%20Pandas%3A%20Merge%20-%20How%20to%20Combine%20DataFrames%20freeCodeCamp,https://www.youtube.com/results?search_query=Pandas%20Pandas%3A%20Merge%20-%20How%20to%20Combine%20DataFrames%20Traversy%20Media,https://pandas.pydata.org/docs/user_guide/merging.html,50,Explaining DataFrame merging,
TRK-002,L0257,LVL-002,DA-T03,data_analysis,Pandas,Pandas: Concat and Join,intermediate,explanation,https://youtu.be/s4QjeAob6TU,https://www.youtube.com/results?search_query=Pandas%20Pandas%3A%20Concat%20and%20Join%20freeCodeCamp,https://www.youtube.com/results?search_query=Pandas%20Pandas%3A%20Concat%20and%20Join%20Traversy%20Media,,35,Explaining concat and join,
TRK-002,L0258,LVL-002,DA-T03,data_analysis,Pandas,Pandas: Pivot Tables,intermediate,explanation,https://youtu.be/5yFox2cReTw,https://www.youtube.com/results?search_query=Pandas%20Pandas%3A%20Pivot%20Tables%20freeCodeCamp,https://www.youtube.com/results?search_query=Pandas%20Pandas%3A%20Pivot%20Tables%20Traversy%20Media,https://pandas.pydata.org/docs/user_guide/reshaping.html,40,Explaining pivot tables,
TRK-002,L0259,LVL-002,DA-T03,data_analysis,Pandas,Pandas: Time Series - datetime index and resample,intermediate,explanation,https://youtu.be/r_ZWezEONCg,https://www.youtube.com/results?search_query=Pandas%20Pandas%3A%20Time%20Series%20-%20datetime%20index%20and%20resample%20freeCodeCamp,https://www.youtube.com/results?search_query=Pandas%20Pandas%3A%20Time%20Series%20-%20datetime%20index%20and%20resample%20Traversy%20Media,https://pandas.pydata.org/docs/user_guide/timeseries.html,50,Explaining time series basics,
TRK-002,L0260,LVL-002,DA-T03,data_analysis,Pandas,Pandas Project: Supermarket Sales Analysis,intermediate,project,https://youtu.be/Liv6eeb1VfE,https://www.youtube.com/results?search_query=Pandas%20Pandas%20Project%3A%20Supermarket%20Sales%20Analysis%20freeCodeCamp,https://www.youtube.com/results?search_query=Pandas%20Pandas%20Project%3A%20Supermarket%20Sales%20Analysis%20Traversy%20Media,,90,Supermarket sales analysis project,
TRK-002,L0261,LVL-002,DA-T03,data_analysis,Pandas,Pandas Project: Students Performance Analysis,intermediate,project,https://youtu.be/iYie42M1ZyU,https://www.youtube.com/results?search_query=Pandas%20Pandas%20Project%3A%20Students%20Performance%20Analysis%20freeCodeCamp,https://www.youtube.com/results?search_query=Pandas%20Pandas%20Project%3A%20Students%20Performance%20Analysis%20Traversy%20Media,,75,Students performance analysis project,
TRK-002,L0262,LVL-002,DA-T03,data_analysis,Pandas,Article: Official Pandas User Guide,intermediate,article,,https://www.youtube.com/results?search_query=Pandas%20Article%3A%20Official%20Pandas%20User%20Guide%20freeCodeCamp,https://www.youtube.com/results?search_query=Pandas%20Article%3A%20Official%20Pandas%20User%20Guide%20Traversy%20Media,https://pandas.pydata.org/docs/user_guide,0,Official Pandas user guide,
TRK-002,L0263,LVL-002,DA-T06,data_analysis,EDA,EDA: What Is It and Its Steps from Start to Finish,intermediate,explanation,https://youtu.be/xi0vhXFPegw,https://www.youtube.com/results?search_query=EDA%20EDA%3A%20What%20Is%20It%20and%20Its%20Steps%20from%20Start%20to%20Finish%20freeCodeCamp,https://www.youtube.com/results?search_query=EDA%20EDA%3A%20What%20Is%20It%20and%20Its%20Steps%20from%20Start%20to%20Finish%20Traversy%20Media,https://www.ibm.com/topics/exploratory-data-analysis,50,Introduction to exploratory data_analysis,
TRK-002,L0264,LVL-002,DA-T06,data_analysis,EDA,EDA: Univariate Analysis - Single Variable Analysis,intermediate,explanation,https://youtu.be/kDU7qpWVsAQ,https://www.youtube.com/results?search_query=EDA%20EDA%3A%20Univariate%20Analysis%20-%20Single%20Variable%20Analysis%20freeCodeCamp,https://www.youtube.com/results?search_query=EDA%20EDA%3A%20Univariate%20Analysis%20-%20Single%20Variable%20Analysis%20Traversy%20Media,,45,Explaining univariate analysis,
TRK-002,L0265,LVL-002,DA-T06,data_analysis,EDA,EDA: Bivariate Analysis - Relationship Between Two Variables,intermediate,explanation,https://youtu.be/kDU7qpWVsAQ,https://www.youtube.com/results?search_query=EDA%20EDA%3A%20Bivariate%20Analysis%20-%20Relationship%20Between%20Two%20Variables%20freeCodeCamp,https://www.youtube.com/results?search_query=EDA%20EDA%3A%20Bivariate%20Analysis%20-%20Relationship%20Between%20Two%20Variables%20Traversy%20Media,,45,Explaining bivariate analysis,
TRK-002,L0266,LVL-002,DA-T06,data_analysis,EDA,EDA: Correlation Matrix and Interpretation,intermediate,explanation,https://youtu.be/xi0vhXFPegw,https://www.youtube.com/results?search_query=EDA%20EDA%3A%20Correlation%20Matrix%20and%20Interpretation%20freeCodeCamp,https://www.youtube.com/results?search_query=EDA%20EDA%3A%20Correlation%20Matrix%20and%20Interpretation%20Traversy%20Media,,40,Explaining Pearson and Spearman correlation,
TRK-002,L0267,LVL-002,DA-T06,data_analysis,EDA,EDA: Outliers - Detection and Handling,intermediate,explanation,https://youtu.be/rzFX5NWojp0,https://www.youtube.com/results?search_query=EDA%20EDA%3A%20Outliers%20-%20Detection%20and%20Handling%20freeCodeCamp,https://www.youtube.com/results?search_query=EDA%20EDA%3A%20Outliers%20-%20Detection%20and%20Handling%20Traversy%20Media,,40,Explaining outlier detection,
TRK-002,L0268,LVL-002,DA-T06,data_analysis,EDA,EDA: Categorical vs Numerical Analysis,intermediate,explanation,https://youtu.be/xi0vhXFPegw,https://www.youtube.com/results?search_query=EDA%20EDA%3A%20Categorical%20vs%20Numerical%20Analysis%20freeCodeCamp,https://www.youtube.com/results?search_query=EDA%20EDA%3A%20Categorical%20vs%20Numerical%20Analysis%20Traversy%20Media,,35,Explaining categorical vs numerical data,
TRK-002,L0269,LVL-002,DA-T06,data_analysis,EDA,EDA Project: Complete Titanic Dataset EDA,intermediate,project,https://youtu.be/I3FBJdiExcg,https://www.youtube.com/results?search_query=EDA%20EDA%20Project%3A%20Complete%20Titanic%20Dataset%20EDA%20freeCodeCamp,https://www.youtube.com/results?search_query=EDA%20EDA%20Project%3A%20Complete%20Titanic%20Dataset%20EDA%20Traversy%20Media,,90,Titanic dataset EDA project,
TRK-002,L0270,LVL-002,DA-T06,data_analysis,EDA,EDA Project: Airbnb NYC EDA,intermediate,project,https://youtu.be/nT3WXslGqUo,https://www.youtube.com/results?search_query=EDA%20EDA%20Project%3A%20Airbnb%20NYC%20EDA%20freeCodeCamp,https://www.youtube.com/results?search_query=EDA%20EDA%20Project%3A%20Airbnb%20NYC%20EDA%20Traversy%20Media,,80,Airbnb NYC EDA project,
TRK-002,L0271,LVL-002,DA-T06,data_analysis,EDA,EDA Project: Netflix Dataset EDA,intermediate,project,https://youtu.be/7oa9dzQdiCw,https://www.youtube.com/results?search_query=EDA%20EDA%20Project%3A%20Netflix%20Dataset%20EDA%20freeCodeCamp,https://www.youtube.com/results?search_query=EDA%20EDA%20Project%3A%20Netflix%20Dataset%20EDA%20Traversy%20Media,,75,Netflix dataset EDA project,
TRK-002,L0272,LVL-002,DA-T06,data_analysis,EDA,Article: Kaggle Notebooks for EDA,intermediate,article,,https://www.youtube.com/results?search_query=EDA%20Article%3A%20Kaggle%20Notebooks%20for%20EDA%20freeCodeCamp,https://www.youtube.com/results?search_query=EDA%20Article%3A%20Kaggle%20Notebooks%20for%20EDA%20Traversy%20Media,https://www.kaggle.com/code?searchQuery=EDA,0,Best EDA notebooks on Kaggle,
TRK-002,L0273,LVL-002,DA-T02,data_analysis,Statistics,Statistics: Correlation - Pearson & Spearman,intermediate,explanation,https://youtu.be/aq8VU5KLmkY,https://www.youtube.com/results?search_query=Statistics%20Statistics%3A%20Correlation%20-%20Pearson%20%26%20Spearman%20freeCodeCamp,https://www.youtube.com/results?search_query=Statistics%20Statistics%3A%20Correlation%20-%20Pearson%20%26%20Spearman%20Traversy%20Media,,50,Explaining Pearson and Spearman correlation,
TRK-002,L0274,LVL-002,DA-T02,data_analysis,Statistics,Statistics: Linear Regression - Concepts,intermediate,explanation,https://youtu.be/CtsRRUddV2s,https://www.youtube.com/results?search_query=Statistics%20Statistics%3A%20Linear%20Regression%20-%20Concepts%20freeCodeCamp,https://www.youtube.com/results?search_query=Statistics%20Statistics%3A%20Linear%20Regression%20-%20Concepts%20Traversy%20Media,https://www.khanacademy.org/math/statistics-probability/describing-relationships-quantitative-data,55,Explaining linear regression concepts,
TRK-002,L0275,LVL-002,DA-T02,data_analysis,Statistics,Statistics: Hypothesis Testing - Concepts,intermediate,explanation,https://youtu.be/0zZYBALbZgg,https://www.youtube.com/results?search_query=Statistics%20Statistics%3A%20Hypothesis%20Testing%20-%20Concepts%20freeCodeCamp,https://www.youtube.com/results?search_query=Statistics%20Statistics%3A%20Hypothesis%20Testing%20-%20Concepts%20Traversy%20Media,,60,Explaining hypothesis testing,
TRK-002,L0276,LVL-002,DA-T02,data_analysis,Statistics,Statistics: p-value and Significance Level,intermediate,explanation,https://youtu.be/vemZtEM63GY,https://www.youtube.com/results?search_query=Statistics%20Statistics%3A%20p-value%20and%20Significance%20Level%20freeCodeCamp,https://www.youtube.com/results?search_query=Statistics%20Statistics%3A%20p-value%20and%20Significance%20Level%20Traversy%20Media,,45,Explaining p-value and significance level,
TRK-002,L0277,LVL-002,DA-T02,data_analysis,Statistics,Statistics: Confidence Intervals,intermediate,explanation,https://youtu.be/MzvRQFYUEFU,https://www.youtube.com/results?search_query=Statistics%20Statistics%3A%20Confidence%20Intervals%20freeCodeCamp,https://www.youtube.com/results?search_query=Statistics%20Statistics%3A%20Confidence%20Intervals%20Traversy%20Media,,40,Explaining confidence intervals,
TRK-002,L0278,LVL-002,DA-T02,data_analysis,Statistics,Statistics: t-test and Chi-Square Test,intermediate,explanation,https://youtu.be/pTFwhFSCPbc,https://www.youtube.com/results?search_query=Statistics%20Statistics%3A%20t-test%20and%20Chi-Square%20Test%20freeCodeCamp,https://www.youtube.com/results?search_query=Statistics%20Statistics%3A%20t-test%20and%20Chi-Square%20Test%20Traversy%20Media,,50,Explaining t-test and chi-square test,
TRK-002,L0279,LVL-002,DA-T02,data_analysis,Statistics,Statistics Project: Statistical Analysis on a Real Dataset,intermediate,project,https://youtu.be/ZCekMoXDNJQ,https://www.youtube.com/results?search_query=Statistics%20Statistics%20Project%3A%20Statistical%20Analysis%20on%20a%20Real%20Dataset%20freeCodeCamp,https://www.youtube.com/results?search_query=Statistics%20Statistics%20Project%3A%20Statistical%20Analysis%20on%20a%20Real%20Dataset%20Traversy%20Media,,70,Statistical analysis project,
TRK-002,L0280,LVL-002,DA-T02,data_analysis,Statistics,Article: StatQuest - All Concepts Simplified,intermediate,article,,https://www.youtube.com/results?search_query=Statistics%20Article%3A%20StatQuest%20-%20All%20Concepts%20Simplified%20freeCodeCamp,https://www.youtube.com/results?search_query=Statistics%20Article%3A%20StatQuest%20-%20All%20Concepts%20Simplified%20Traversy%20Media,https://www.youtube.com/@statquest,0,Best statistics YouTube channel,
TRK-002,L0281,LVL-002,DA-T04,data_analysis,Visualization,Seaborn: Boxplot & Violin Plot,intermediate,explanation,https://youtu.be/6GUZXDef2U0,https://www.youtube.com/results?search_query=Visualization%20Seaborn%3A%20Boxplot%20%26%20Violin%20Plot%20freeCodeCamp,https://www.youtube.com/results?search_query=Visualization%20Seaborn%3A%20Boxplot%20%26%20Violin%20Plot%20Traversy%20Media,https://seaborn.pydata.org/tutorial/categorical.html,35,Explaining boxplot and violin plot,
TRK-002,L0282,LVL-002,DA-T04,data_analysis,Visualization,Seaborn: Heatmap and Correlation Visualization,intermediate,explanation,https://youtu.be/oBJRwRFaIyI,https://www.youtube.com/results?search_query=Visualization%20Seaborn%3A%20Heatmap%20and%20Correlation%20Visualization%20freeCodeCamp,https://www.youtube.com/results?search_query=Visualization%20Seaborn%3A%20Heatmap%20and%20Correlation%20Visualization%20Traversy%20Media,,35,Explaining heatmap visualization,
TRK-002,L0283,LVL-002,DA-T04,data_analysis,Visualization,Seaborn: Pairplot,intermediate,explanation,https://youtu.be/6GUZXDef2U0,https://www.youtube.com/results?search_query=Visualization%20Seaborn%3A%20Pairplot%20freeCodeCamp,https://www.youtube.com/results?search_query=Visualization%20Seaborn%3A%20Pairplot%20Traversy%20Media,,25,Explaining pairplot,
TRK-002,L0284,LVL-002,DA-T04,data_analysis,Visualization,Seaborn: FacetGrid - Repeating Plots on Subsets,intermediate,explanation,https://youtu.be/6GUZXDef2U0,https://www.youtube.com/results?search_query=Visualization%20Seaborn%3A%20FacetGrid%20-%20Repeating%20Plots%20on%20Subsets%20freeCodeCamp,https://www.youtube.com/results?search_query=Visualization%20Seaborn%3A%20FacetGrid%20-%20Repeating%20Plots%20on%20Subsets%20Traversy%20Media,https://seaborn.pydata.org/tutorial/axis_grids.html,30,Explaining FacetGrid,
TRK-002,L0285,LVL-002,DA-T04,data_analysis,Visualization,Plotly: Basic Interactive Charts,intermediate,explanation,https://youtu.be/GGL6U0k8WYA,https://www.youtube.com/results?search_query=Visualization%20Plotly%3A%20Basic%20Interactive%20Charts%20freeCodeCamp,https://www.youtube.com/results?search_query=Visualization%20Plotly%3A%20Basic%20Interactive%20Charts%20Traversy%20Media,https://plotly.com/python/getting-started,45,Introduction to Plotly,
TRK-002,L0286,LVL-002,DA-T04,data_analysis,Visualization,"Plotly: Bar, Pie, Scatter with Plotly Express",intermediate,explanation,https://youtu.be/GGL6U0k8WYA,https://www.youtube.com/results?search_query=Visualization%20Plotly%3A%20Bar%2C%20Pie%2C%20Scatter%20with%20Plotly%20Express%20freeCodeCamp,https://www.youtube.com/results?search_query=Visualization%20Plotly%3A%20Bar%2C%20Pie%2C%20Scatter%20with%20Plotly%20Express%20Traversy%20Media,https://plotly.com/python/plotly-express,35,Explaining Plotly Express charts,
TRK-002,L0287,LVL-002,DA-T04,data_analysis,Visualization,Visualization Project: COVID-19 Data Dashboard,intermediate,project,https://youtu.be/nT3WXslGqUo,https://www.youtube.com/results?search_query=Visualization%20Visualization%20Project%3A%20COVID-19%20Data%20Dashboard%20freeCodeCamp,https://www.youtube.com/results?search_query=Visualization%20Visualization%20Project%3A%20COVID-19%20Data%20Dashboard%20Traversy%20Media,,80,COVID-19 data dashboard project,
TRK-002,L0288,LVL-002,DA-T04,data_analysis,Visualization,Article: Seaborn Official Tutorial,intermediate,article,,https://www.youtube.com/results?search_query=Visualization%20Article%3A%20Seaborn%20Official%20Tutorial%20freeCodeCamp,https://www.youtube.com/results?search_query=Visualization%20Article%3A%20Seaborn%20Official%20Tutorial%20Traversy%20Media,https://seaborn.pydata.org/tutorial.html,0,Official Seaborn tutorial,
TRK-002,L0289,LVL-002,DA-T05,data_analysis,SQL,SQL: GROUP BY and HAVING,intermediate,explanation,https://youtu.be/7yeOFtKxBMg,https://www.youtube.com/results?search_query=SQL%20SQL%3A%20GROUP%20BY%20and%20HAVING%20freeCodeCamp,https://www.youtube.com/results?search_query=SQL%20SQL%3A%20GROUP%20BY%20and%20HAVING%20Traversy%20Media,https://www.sqltutorial.org/sql-group-by,45,Explaining GROUP BY and HAVING,
TRK-002,L0290,LVL-002,DA-T05,data_analysis,SQL,SQL: Aggregate Functions - COUNT SUM AVG MAX MIN,intermediate,explanation,https://youtu.be/7S_tz1z_5bA,https://www.youtube.com/results?search_query=SQL%20SQL%3A%20Aggregate%20Functions%20-%20COUNT%20SUM%20AVG%20MAX%20MIN%20freeCodeCamp,https://www.youtube.com/results?search_query=SQL%20SQL%3A%20Aggregate%20Functions%20-%20COUNT%20SUM%20AVG%20MAX%20MIN%20Traversy%20Media,,40,Explaining aggregate functions,
TRK-002,L0291,LVL-002,DA-T05,data_analysis,SQL,SQL: Subqueries - Nested Queries,intermediate,explanation,https://youtu.be/nWeW3sCmD2k,https://www.youtube.com/results?search_query=SQL%20SQL%3A%20Subqueries%20-%20Nested%20Queries%20freeCodeCamp,https://www.youtube.com/results?search_query=SQL%20SQL%3A%20Subqueries%20-%20Nested%20Queries%20Traversy%20Media,https://www.sqltutorial.org/sql-subquery,50,Explaining SQL subqueries,
TRK-002,L0292,LVL-002,DA-T05,data_analysis,SQL,SQL: CTEs - Common Table Expressions,intermediate,explanation,https://youtu.be/m1KcNV-Zhmc,https://www.youtube.com/results?search_query=SQL%20SQL%3A%20CTEs%20-%20Common%20Table%20Expressions%20freeCodeCamp,https://www.youtube.com/results?search_query=SQL%20SQL%3A%20CTEs%20-%20Common%20Table%20Expressions%20Traversy%20Media,,50,Explaining common table expressions,
TRK-002,L0293,LVL-002,DA-T05,data_analysis,SQL,SQL: CASE WHEN - Conditions in SQL,intermediate,explanation,https://youtu.be/Aw7yvGPtDUM,https://www.youtube.com/results?search_query=SQL%20SQL%3A%20CASE%20WHEN%20-%20Conditions%20in%20SQL%20freeCodeCamp,https://www.youtube.com/results?search_query=SQL%20SQL%3A%20CASE%20WHEN%20-%20Conditions%20in%20SQL%20Traversy%20Media,,35,Explaining CASE WHEN in SQL,
TRK-002,L0294,LVL-002,DA-T05,data_analysis,SQL,SQL: String Functions - UPPER LOWER TRIM SUBSTR,intermediate,explanation,https://youtu.be/7S_tz1z_5bA,https://www.youtube.com/results?search_query=SQL%20SQL%3A%20String%20Functions%20-%20UPPER%20LOWER%20TRIM%20SUBSTR%20freeCodeCamp,https://www.youtube.com/results?search_query=SQL%20SQL%3A%20String%20Functions%20-%20UPPER%20LOWER%20TRIM%20SUBSTR%20Traversy%20Media,,30,Explaining SQL string functions,
TRK-002,L0295,LVL-002,DA-T05,data_analysis,SQL,SQL: Date Functions,intermediate,explanation,https://youtu.be/7S_tz1z_5bA,https://www.youtube.com/results?search_query=SQL%20SQL%3A%20Date%20Functions%20freeCodeCamp,https://www.youtube.com/results?search_query=SQL%20SQL%3A%20Date%20Functions%20Traversy%20Media,,30,Explaining SQL date functions,
TRK-002,L0296,LVL-002,DA-T05,data_analysis,SQL,SQL Project: E-Commerce Database Analysis,intermediate,project,https://youtu.be/sHQhKDMBUhU,https://www.youtube.com/results?search_query=SQL%20SQL%20Project%3A%20E-Commerce%20Database%20Analysis%20freeCodeCamp,https://www.youtube.com/results?search_query=SQL%20SQL%20Project%3A%20E-Commerce%20Database%20Analysis%20Traversy%20Media,,75,E-commerce database analysis project,
TRK-002,L0297,LVL-002,DA-T05,data_analysis,SQL,SQL Project: HR Database Analysis,intermediate,project,https://youtu.be/HXV3zeQKqGY,https://www.youtube.com/results?search_query=SQL%20SQL%20Project%3A%20HR%20Database%20Analysis%20freeCodeCamp,https://www.youtube.com/results?search_query=SQL%20SQL%20Project%3A%20HR%20Database%20Analysis%20Traversy%20Media,,70,HR database analysis project,
TRK-002,L0298,LVL-002,DA-T05,data_analysis,SQL,Article: Mode Analytics SQL Tutorial,intermediate,article,,https://www.youtube.com/results?search_query=SQL%20Article%3A%20Mode%20Analytics%20SQL%20Tutorial%20freeCodeCamp,https://www.youtube.com/results?search_query=SQL%20Article%3A%20Mode%20Analytics%20SQL%20Tutorial%20Traversy%20Media,https://mode.com/sql-tutorial,0,Best SQL tutorial for data_analysis,
TRK-002,L0299,LVL-003,DA-T01,data_analysis,Python,Python: Decorators - Creation and Usage,advanced,tutorial,https://youtu.be/FsAPt_9Bf3U,https://www.youtube.com/results?search_query=Python%20Python%3A%20Decorators%20-%20Creation%20and%20Usage%20freeCodeCamp,https://www.youtube.com/results?search_query=Python%20Python%3A%20Decorators%20-%20Creation%20and%20Usage%20Traversy%20Media,https://realpython.com/primer-on-python-decorators,50,Explaining Python decorators,
TRK-002,L0300,LVL-003,DA-T01,data_analysis,Python,Python: Generators and Iterators,advanced,tutorial,https://youtu.be/bD05uGo_sVI,https://www.youtube.com/results?search_query=Python%20Python%3A%20Generators%20and%20Iterators%20freeCodeCamp,https://www.youtube.com/results?search_query=Python%20Python%3A%20Generators%20and%20Iterators%20Traversy%20Media,https://realpython.com/introduction-to-python-generators,45,Explaining generators and iterators,
TRK-002,L0301,LVL-003,DA-T01,data_analysis,Python,Python: Context Managers,advanced,tutorial,https://youtu.be/PoZOF0jJRRs,https://www.youtube.com/results?search_query=Python%20Python%3A%20Context%20Managers%20freeCodeCamp,https://www.youtube.com/results?search_query=Python%20Python%3A%20Context%20Managers%20Traversy%20Media,,35,Explaining context managers,
TRK-002,L0302,LVL-003,DA-T01,data_analysis,Python,Python: Multiprocessing & Threading,advanced,tutorial,https://youtu.be/IEEhzQoKtQU,https://www.youtube.com/results?search_query=Python%20Python%3A%20Multiprocessing%20%26%20Threading%20freeCodeCamp,https://www.youtube.com/results?search_query=Python%20Python%3A%20Multiprocessing%20%26%20Threading%20Traversy%20Media,https://realpython.com/python-concurrency,55,Explaining multiprocessing and threading,
TRK-002,L0303,LVL-003,DA-T01,data_analysis,Python,Python: Performance Profiling & Optimization,advanced,tutorial,https://youtu.be/8qEnExGLZfY,https://www.youtube.com/results?search_query=Python%20Python%3A%20Performance%20Profiling%20%26%20Optimization%20freeCodeCamp,https://www.youtube.com/results?search_query=Python%20Python%3A%20Performance%20Profiling%20%26%20Optimization%20Traversy%20Media,https://realpython.com/python-timer,50,Explaining Python performance profiling,
TRK-002,L0304,LVL-003,DA-T01,data_analysis,Python,Python: Virtual Environments & Packaging,advanced,tutorial,https://youtu.be/KxvKCSwlUv8,https://www.youtube.com/results?search_query=Python%20Python%3A%20Virtual%20Environments%20%26%20Packaging%20freeCodeCamp,https://www.youtube.com/results?search_query=Python%20Python%3A%20Virtual%20Environments%20%26%20Packaging%20Traversy%20Media,https://docs.python.org/3/library/venv.html,35,Explaining virtual environments,
TRK-002,L0305,LVL-003,DA-T01,data_analysis,Python,Project: Automated ETL Pipeline,advanced,full_project,https://youtu.be/K2P4fDUVFuQ,https://www.youtube.com/results?search_query=Python%20Project%3A%20Automated%20ETL%20Pipeline%20freeCodeCamp,https://www.youtube.com/results?search_query=Python%20Project%3A%20Automated%20ETL%20Pipeline%20Traversy%20Media,,180,Automated ETL pipeline project,
TRK-002,L0306,LVL-003,DA-T01,data_analysis,Python,Article: Real Python - Advanced Python,advanced,article,,https://www.youtube.com/results?search_query=Python%20Article%3A%20Real%20Python%20-%20Advanced%20Python%20freeCodeCamp,https://www.youtube.com/results?search_query=Python%20Article%3A%20Real%20Python%20-%20Advanced%20Python%20Traversy%20Media,https://realpython.com/tutorials/advanced,0,Deepest Python reference,
TRK-002,L0307,LVL-003,DA-T03,data_analysis,Pandas,Pandas: Memory Optimization - dtypes and chunking,advanced,tutorial,https://youtu.be/u4_c2LDi4b8,https://www.youtube.com/results?search_query=Pandas%20Pandas%3A%20Memory%20Optimization%20-%20dtypes%20and%20chunking%20freeCodeCamp,https://www.youtube.com/results?search_query=Pandas%20Pandas%3A%20Memory%20Optimization%20-%20dtypes%20and%20chunking%20Traversy%20Media,https://pandas.pydata.org/docs/user_guide/scale.html,55,Explaining Pandas memory optimization,
TRK-002,L0308,LVL-003,DA-T03,data_analysis,Pandas,Pandas: Multi-Index DataFrames,advanced,tutorial,https://youtu.be/tcRGa2soc-c,https://www.youtube.com/results?search_query=Pandas%20Pandas%3A%20Multi-Index%20DataFrames%20freeCodeCamp,https://www.youtube.com/results?search_query=Pandas%20Pandas%3A%20Multi-Index%20DataFrames%20Traversy%20Media,https://pandas.pydata.org/docs/user_guide/advanced.html,50,Explaining multi-index DataFrames,
TRK-002,L0309,LVL-003,DA-T03,data_analysis,Pandas,Pandas: Advanced Reshaping - stack unstack melt,advanced,tutorial,https://youtu.be/tcRGa2soc-c,https://www.youtube.com/results?search_query=Pandas%20Pandas%3A%20Advanced%20Reshaping%20-%20stack%20unstack%20melt%20freeCodeCamp,https://www.youtube.com/results?search_query=Pandas%20Pandas%3A%20Advanced%20Reshaping%20-%20stack%20unstack%20melt%20Traversy%20Media,https://pandas.pydata.org/docs/user_guide/reshaping.html,45,"Explaining stack, unstack, and melt",
TRK-002,L0310,LVL-003,DA-T03,data_analysis,Pandas,Pandas: Advanced Time Series - rolling shifting,advanced,tutorial,https://youtu.be/r_ZWezEONCg,https://www.youtube.com/results?search_query=Pandas%20Pandas%3A%20Advanced%20Time%20Series%20-%20rolling%20shifting%20freeCodeCamp,https://www.youtube.com/results?search_query=Pandas%20Pandas%3A%20Advanced%20Time%20Series%20-%20rolling%20shifting%20Traversy%20Media,,55,Explaining advanced time series operations,
TRK-002,L0311,LVL-003,DA-T03,data_analysis,Pandas,Pandas: Style & Formatting for Display,advanced,tutorial,https://youtu.be/K2P4fDUVFuQ,https://www.youtube.com/results?search_query=Pandas%20Pandas%3A%20Style%20%26%20Formatting%20for%20Display%20freeCodeCamp,https://www.youtube.com/results?search_query=Pandas%20Pandas%3A%20Style%20%26%20Formatting%20for%20Display%20Traversy%20Media,https://pandas.pydata.org/docs/user_guide/style.html,35,Explaining Pandas style and formatting,
TRK-002,L0312,LVL-003,DA-T03,data_analysis,Pandas,Pandas: Pandas + SQLAlchemy,advanced,tutorial,https://youtu.be/aUoy2AvP3Bs,https://www.youtube.com/results?search_query=Pandas%20Pandas%3A%20Pandas%20%2B%20SQLAlchemy%20freeCodeCamp,https://www.youtube.com/results?search_query=Pandas%20Pandas%3A%20Pandas%20%2B%20SQLAlchemy%20Traversy%20Media,,45,Explaining Pandas with SQLAlchemy,
TRK-002,L0313,LVL-003,DA-T03,data_analysis,Pandas,Project: Financial data_analysis,advanced,tutorial_and_project,https://youtu.be/2BW6xrHQFAg,https://www.youtube.com/results?search_query=Pandas%20Project%3A%20Financial%20Data%20Analysis%20freeCodeCamp,https://www.youtube.com/results?search_query=Pandas%20Project%3A%20Financial%20Data%20Analysis%20Traversy%20Media,,120,Financial data_analysis project,
TRK-002,L0314,LVL-003,DA-T03,data_analysis,Pandas,Article: Pandas Advanced Guide,advanced,article,,https://www.youtube.com/results?search_query=Pandas%20Article%3A%20Pandas%20Advanced%20Guide%20freeCodeCamp,https://www.youtube.com/results?search_query=Pandas%20Article%3A%20Pandas%20Advanced%20Guide%20Traversy%20Media,https://pandas.pydata.org/docs/user_guide/advanced.html,0,Advanced Pandas user guide,
TRK-002,L0315,LVL-003,DA-T06,data_analysis,EDA,Feature Engineering: Encoding Categories,advanced,tutorial,https://youtu.be/ha_NMDD37MQ,https://www.youtube.com/results?search_query=EDA%20Feature%20Engineering%3A%20Encoding%20Categories%20freeCodeCamp,https://www.youtube.com/results?search_query=EDA%20Feature%20Engineering%3A%20Encoding%20Categories%20Traversy%20Media,https://www.kaggle.com/learn/feature-engineering,50,Explaining categorical encoding,
TRK-002,L0316,LVL-003,DA-T06,data_analysis,EDA,Feature Engineering: Scaling and Normalization,advanced,tutorial,https://youtu.be/0FewiFHfzqY,https://www.youtube.com/results?search_query=EDA%20Feature%20Engineering%3A%20Scaling%20and%20Normalization%20freeCodeCamp,https://www.youtube.com/results?search_query=EDA%20Feature%20Engineering%3A%20Scaling%20and%20Normalization%20Traversy%20Media,,45,Explaining scaling and normalization,
TRK-002,L0317,LVL-003,DA-T06,data_analysis,EDA,Feature Engineering: Feature Creation,advanced,tutorial,https://youtu.be/ha_NMDD37MQ,https://www.youtube.com/results?search_query=EDA%20Feature%20Engineering%3A%20Feature%20Creation%20freeCodeCamp,https://www.youtube.com/results?search_query=EDA%20Feature%20Engineering%3A%20Feature%20Creation%20Traversy%20Media,,50,Explaining feature creation,
TRK-002,L0318,LVL-003,DA-T06,data_analysis,EDA,Feature Selection: Correlation and Importance,advanced,tutorial,https://youtu.be/0FewiFHfzqY,https://www.youtube.com/results?search_query=EDA%20Feature%20Selection%3A%20Correlation%20and%20Importance%20freeCodeCamp,https://www.youtube.com/results?search_query=EDA%20Feature%20Selection%3A%20Correlation%20and%20Importance%20Traversy%20Media,,45,Explaining feature selection methods,
TRK-002,L0319,LVL-003,DA-T06,data_analysis,EDA,Storytelling with Data: Principles and Techniques,advanced,tutorial,https://youtu.be/8EMW7io4rSI,https://www.youtube.com/results?search_query=EDA%20Storytelling%20with%20Data%3A%20Principles%20and%20Techniques%20freeCodeCamp,https://www.youtube.com/results?search_query=EDA%20Storytelling%20with%20Data%3A%20Principles%20and%20Techniques%20Traversy%20Media,https://www.storytellingwithdata.com/blog,55,Explaining data storytelling principles,
TRK-002,L0320,LVL-003,DA-T06,data_analysis,EDA,Storytelling: Creating a Professional Report,advanced,tutorial,https://youtu.be/8EMW7io4rSI,https://www.youtube.com/results?search_query=EDA%20Storytelling%3A%20Creating%20a%20Professional%20Report%20freeCodeCamp,https://www.youtube.com/results?search_query=EDA%20Storytelling%3A%20Creating%20a%20Professional%20Report%20Traversy%20Media,,45,Explaining professional report creation,
TRK-002,L0321,LVL-003,DA-T06,data_analysis,EDA,Project: House Prices Full EDA & Feature Engineering,advanced,full_project,https://youtu.be/fwY9Qv96DJw,https://www.youtube.com/results?search_query=EDA%20Project%3A%20House%20Prices%20Full%20EDA%20%26%20Feature%20Engineering%20freeCodeCamp,https://www.youtube.com/results?search_query=EDA%20Project%3A%20House%20Prices%20Full%20EDA%20%26%20Feature%20Engineering%20Traversy%20Media,,180,House prices full EDA project,
TRK-002,L0322,LVL-003,DA-T06,data_analysis,EDA,Article: Kaggle Feature Engineering Course,advanced,article,,https://www.youtube.com/results?search_query=EDA%20Article%3A%20Kaggle%20Feature%20Engineering%20Course%20freeCodeCamp,https://www.youtube.com/results?search_query=EDA%20Article%3A%20Kaggle%20Feature%20Engineering%20Course%20Traversy%20Media,https://www.kaggle.com/learn/feature-engineering,0,Free Kaggle feature engineering course,
TRK-002,L0323,LVL-003,DA-T02,data_analysis,Statistics,Statistics: Advanced Tests with SciPy,advanced,tutorial,https://youtu.be/ZCekMoXDNJQ,https://www.youtube.com/results?search_query=Statistics%20Statistics%3A%20Advanced%20Tests%20with%20SciPy%20freeCodeCamp,https://www.youtube.com/results?search_query=Statistics%20Statistics%3A%20Advanced%20Tests%20with%20SciPy%20Traversy%20Media,https://docs.scipy.org/doc/scipy/tutorial/stats.html,60,Explaining statistical testing with SciPy,
TRK-002,L0324,LVL-003,DA-T02,data_analysis,Statistics,Statistics: A/B Testing - Concept and Application,advanced,tutorial,https://youtu.be/DUNk4GPZ9bw,https://www.youtube.com/results?search_query=Statistics%20Statistics%3A%20A/B%20Testing%20-%20Concept%20and%20Application%20freeCodeCamp,https://www.youtube.com/results?search_query=Statistics%20Statistics%3A%20A/B%20Testing%20-%20Concept%20and%20Application%20Traversy%20Media,https://www.optimizely.com/optimization-glossary/ab-testing,60,Explaining A/B testing end-to-end,
TRK-002,L0325,LVL-003,DA-T02,data_analysis,Statistics,Statistics: Introduction to Bayesian Statistics,advanced,tutorial,https://youtu.be/HZGCoVF3YvM,https://www.youtube.com/results?search_query=Statistics%20Statistics%3A%20Introduction%20to%20Bayesian%20Statistics%20freeCodeCamp,https://www.youtube.com/results?search_query=Statistics%20Statistics%3A%20Introduction%20to%20Bayesian%20Statistics%20Traversy%20Media,https://www.probabilitycourse.com,55,Introduction to Bayesian statistics,
TRK-002,L0326,LVL-003,DA-T02,data_analysis,Statistics,Statistics: ANOVA Test,advanced,tutorial,https://youtu.be/0FewiFHfzqY,https://www.youtube.com/results?search_query=Statistics%20Statistics%3A%20ANOVA%20Test%20freeCodeCamp,https://www.youtube.com/results?search_query=Statistics%20Statistics%3A%20ANOVA%20Test%20Traversy%20Media,,45,Explaining ANOVA test,
TRK-002,L0327,LVL-003,DA-T02,data_analysis,Statistics,Statistics: Time Series Forecasting - ARIMA,advanced,tutorial,https://youtu.be/e8Yw4alG16Q,https://www.youtube.com/results?search_query=Statistics%20Statistics%3A%20Time%20Series%20Forecasting%20-%20ARIMA%20freeCodeCamp,https://www.youtube.com/results?search_query=Statistics%20Statistics%3A%20Time%20Series%20Forecasting%20-%20ARIMA%20Traversy%20Media,https://otexts.com/fpp3,70,Explaining time series forecasting with ARIMA,
TRK-002,L0328,LVL-003,DA-T02,data_analysis,Statistics,Statistics: Advanced Regression Analysis,advanced,tutorial,https://youtu.be/ZCekMoXDNJQ,https://www.youtube.com/results?search_query=Statistics%20Statistics%3A%20Advanced%20Regression%20Analysis%20freeCodeCamp,https://www.youtube.com/results?search_query=Statistics%20Statistics%3A%20Advanced%20Regression%20Analysis%20Traversy%20Media,,55,Explaining advanced regression analysis,
TRK-002,L0329,LVL-003,DA-T02,data_analysis,Statistics,Project: Sales Forecasting Project,advanced,full_project,https://youtu.be/CmykPqjS-as,https://www.youtube.com/results?search_query=Statistics%20Project%3A%20Sales%20Forecasting%20Project%20freeCodeCamp,https://www.youtube.com/results?search_query=Statistics%20Project%3A%20Sales%20Forecasting%20Project%20Traversy%20Media,,120,Sales forecasting project,
TRK-002,L0330,LVL-003,DA-T02,data_analysis,Statistics,Article: Forecasting Principles & Practice (Free Book),advanced,article,,https://www.youtube.com/results?search_query=Statistics%20Article%3A%20Forecasting%20Principles%20%26%20Practice%20%28Free%20Book%29%20freeCodeCamp,https://www.youtube.com/results?search_query=Statistics%20Article%3A%20Forecasting%20Principles%20%26%20Practice%20%28Free%20Book%29%20Traversy%20Media,https://otexts.com/fpp3,0,Best free forecasting book,
TRK-002,L0331,LVL-003,DA-T04,data_analysis,Visualization,Plotly Dash: What Is It and Creating Your First App,advanced,tutorial,https://youtu.be/hSPmj7mK6ng,https://www.youtube.com/results?search_query=Visualization%20Plotly%20Dash%3A%20What%20Is%20It%20and%20Creating%20Your%20First%20App%20freeCodeCamp,https://www.youtube.com/results?search_query=Visualization%20Plotly%20Dash%3A%20What%20Is%20It%20and%20Creating%20Your%20First%20App%20Traversy%20Media,https://dash.plotly.com/tutorial,60,Introduction to Plotly Dash,
TRK-002,L0332,LVL-003,DA-T04,data_analysis,Visualization,Plotly Dash: Callbacks & Interactivity,advanced,tutorial,https://youtu.be/hSPmj7mK6ng,https://www.youtube.com/results?search_query=Visualization%20Plotly%20Dash%3A%20Callbacks%20%26%20Interactivity%20freeCodeCamp,https://www.youtube.com/results?search_query=Visualization%20Plotly%20Dash%3A%20Callbacks%20%26%20Interactivity%20Traversy%20Media,https://dash.plotly.com/basic-callbacks,55,Explaining Dash callbacks,
TRK-002,L0333,LVL-003,DA-T04,data_analysis,Visualization,Plotly Dash: Layout & Styling,advanced,tutorial,https://youtu.be/hSPmj7mK6ng,https://www.youtube.com/results?search_query=Visualization%20Plotly%20Dash%3A%20Layout%20%26%20Styling%20freeCodeCamp,https://www.youtube.com/results?search_query=Visualization%20Plotly%20Dash%3A%20Layout%20%26%20Styling%20Traversy%20Media,,40,Explaining Dash layout and styling,
TRK-002,L0334,LVL-003,DA-T04,data_analysis,Visualization,Power BI: Introduction and Creating Your First Report,advanced,tutorial,https://youtu.be/TmhQCQr_DCA,https://www.youtube.com/results?search_query=Visualization%20Power%20BI%3A%20Introduction%20and%20Creating%20Your%20First%20Report%20freeCodeCamp,https://www.youtube.com/results?search_query=Visualization%20Power%20BI%3A%20Introduction%20and%20Creating%20Your%20First%20Report%20Traversy%20Media,https://learn.microsoft.com/en-us/power-bi/fundamentals,70,Introduction to Power BI,
TRK-002,L0335,LVL-003,DA-T04,data_analysis,Visualization,Power BI: DAX Basics,advanced,tutorial,https://youtu.be/QJw4HkagVWc,https://www.youtube.com/results?search_query=Visualization%20Power%20BI%3A%20DAX%20Basics%20freeCodeCamp,https://www.youtube.com/results?search_query=Visualization%20Power%20BI%3A%20DAX%20Basics%20Traversy%20Media,https://learn.microsoft.com/en-us/dax/dax-overview,55,Explaining DAX basics,
TRK-002,L0336,LVL-003,DA-T04,data_analysis,Visualization,Tableau: Introduction and Basics,advanced,tutorial,https://youtu.be/TPMlZxRRaBQ,https://www.youtube.com/results?search_query=Visualization%20Tableau%3A%20Introduction%20and%20Basics%20freeCodeCamp,https://www.youtube.com/results?search_query=Visualization%20Tableau%3A%20Introduction%20and%20Basics%20Traversy%20Media,https://www.tableau.com/learn/training,60,Introduction to Tableau,
TRK-002,L0337,LVL-003,DA-T04,data_analysis,Visualization,Project: Business KPIs Dashboard with Plotly Dash,advanced,full_project,https://youtu.be/TmhQCQr_DCA,https://www.youtube.com/results?search_query=Visualization%20Project%3A%20Business%20KPIs%20Dashboard%20with%20Plotly%20Dash%20freeCodeCamp,https://www.youtube.com/results?search_query=Visualization%20Project%3A%20Business%20KPIs%20Dashboard%20with%20Plotly%20Dash%20Traversy%20Media,,150,Business KPIs dashboard project,
TRK-002,L0338,LVL-003,DA-T04,data_analysis,Visualization,Article: Data Viz Best Practices - Storytelling with Data,advanced,article,,https://www.youtube.com/results?search_query=Visualization%20Article%3A%20Data%20Viz%20Best%20Practices%20-%20Storytelling%20with%20Data%20freeCodeCamp,https://www.youtube.com/results?search_query=Visualization%20Article%3A%20Data%20Viz%20Best%20Practices%20-%20Storytelling%20with%20Data%20Traversy%20Media,https://www.storytellingwithdata.com/blog,0,Best data visualization reference,
TRK-002,L0339,LVL-003,DA-T05,data_analysis,SQL,SQL: Window Functions - ROW_NUMBER RANK DENSE_RANK,advanced,tutorial,https://youtu.be/H6OTMoXjNiM,https://www.youtube.com/results?search_query=SQL%20SQL%3A%20Window%20Functions%20-%20ROW_NUMBER%20RANK%20DENSE_RANK%20freeCodeCamp,https://www.youtube.com/results?search_query=SQL%20SQL%3A%20Window%20Functions%20-%20ROW_NUMBER%20RANK%20DENSE_RANK%20Traversy%20Media,https://mode.com/sql-tutorial/sql-window-functions,55,Explaining SQL window functions,
TRK-002,L0340,LVL-003,DA-T05,data_analysis,SQL,SQL: Window Functions - LEAD LAG FIRST_VALUE,advanced,tutorial,https://youtu.be/H6OTMoXjNiM,https://www.youtube.com/results?search_query=SQL%20SQL%3A%20Window%20Functions%20-%20LEAD%20LAG%20FIRST_VALUE%20freeCodeCamp,https://www.youtube.com/results?search_query=SQL%20SQL%3A%20Window%20Functions%20-%20LEAD%20LAG%20FIRST_VALUE%20Traversy%20Media,,45,Explaining LEAD and LAG functions,
TRK-002,L0341,LVL-003,DA-T05,data_analysis,SQL,SQL: Window Functions - PARTITION BY,advanced,tutorial,https://youtu.be/H6OTMoXjNiM,https://www.youtube.com/results?search_query=SQL%20SQL%3A%20Window%20Functions%20-%20PARTITION%20BY%20freeCodeCamp,https://www.youtube.com/results?search_query=SQL%20SQL%3A%20Window%20Functions%20-%20PARTITION%20BY%20Traversy%20Media,,40,Explaining PARTITION BY clause,
TRK-002,L0342,LVL-003,DA-T05,data_analysis,SQL,SQL: Advanced CTEs & Recursive Queries,advanced,tutorial,https://youtu.be/m1KcNV-Zhmc,https://www.youtube.com/results?search_query=SQL%20SQL%3A%20Advanced%20CTEs%20%26%20Recursive%20Queries%20freeCodeCamp,https://www.youtube.com/results?search_query=SQL%20SQL%3A%20Advanced%20CTEs%20%26%20Recursive%20Queries%20Traversy%20Media,,50,Explaining recursive CTEs,
TRK-002,L0343,LVL-003,DA-T05,data_analysis,SQL,SQL: Stored Procedures,advanced,tutorial,https://youtu.be/NrBJmtD0kEw,https://www.youtube.com/results?search_query=SQL%20SQL%3A%20Stored%20Procedures%20freeCodeCamp,https://www.youtube.com/results?search_query=SQL%20SQL%3A%20Stored%20Procedures%20Traversy%20Media,,45,Explaining stored procedures,
TRK-002,L0344,LVL-003,DA-T05,data_analysis,SQL,SQL: Triggers & Views,advanced,tutorial,https://youtu.be/BHwzDmr6d7s,https://www.youtube.com/results?search_query=SQL%20SQL%3A%20Triggers%20%26%20Views%20freeCodeCamp,https://www.youtube.com/results?search_query=SQL%20SQL%3A%20Triggers%20%26%20Views%20Traversy%20Media,,40,Explaining triggers and views,
TRK-002,L0345,LVL-003,DA-T05,data_analysis,SQL,SQL: Query Optimization & Execution Plan,advanced,tutorial,https://youtu.be/BHwzDmr6d7s,https://www.youtube.com/results?search_query=SQL%20SQL%3A%20Query%20Optimization%20%26%20Execution%20Plan%20freeCodeCamp,https://www.youtube.com/results?search_query=SQL%20SQL%3A%20Query%20Optimization%20%26%20Execution%20Plan%20Traversy%20Media,https://use-the-index-luke.com,55,Explaining query optimization,
TRK-002,L0346,LVL-003,DA-T05,data_analysis,SQL,SQL: Indexes in Detail,advanced,tutorial,https://youtu.be/BHwzDmr6d7s,https://www.youtube.com/results?search_query=SQL%20SQL%3A%20Indexes%20in%20Detail%20freeCodeCamp,https://www.youtube.com/results?search_query=SQL%20SQL%3A%20Indexes%20in%20Detail%20Traversy%20Media,https://use-the-index-luke.com,45,Explaining database indexes,
TRK-002,L0347,LVL-003,DA-T05,data_analysis,SQL,Project: Full Retail Analytics SQL Project,advanced,full_project,https://youtu.be/wX4kBa_TzDc,https://www.youtube.com/results?search_query=SQL%20Project%3A%20Full%20Retail%20Analytics%20SQL%20Project%20freeCodeCamp,https://www.youtube.com/results?search_query=SQL%20Project%3A%20Full%20Retail%20Analytics%20SQL%20Project%20Traversy%20Media,,150,Retail analytics SQL project,
TRK-002,L0348,LVL-003,DA-T05,data_analysis,SQL,Article: Use The Index Luke,advanced,article,,https://www.youtube.com/results?search_query=SQL%20Article%3A%20Use%20The%20Index%20Luke%20freeCodeCamp,https://www.youtube.com/results?search_query=SQL%20Article%3A%20Use%20The%20Index%20Luke%20Traversy%20Media,https://use-the-index-luke.com,0,Deepest SQL performance reference,
